Godot Engine v4.7.rc.custom_build.df6235838 (2026-06-12 18:38:52 UTC) - https://godotengine.org

ERROR: Failed to read the root certificate store.
   at: OS_Windows::get_system_ca_certificates (platform\windows\os_windows.cpp:2582)
[   0% ] [90m[1mfirst_scan_filesystem[22m | Started 项目初始化 (5 steps)[39m[0m
[   0% ] [90m[1mfirst_scan_filesystem[22m | 正在扫描文件结构……[39m[0m
[  16% ] [90m[1mfirst_scan_filesystem[22m | 正在加载全局类名……[39m[0m
[  33% ] [90m[1mfirst_scan_filesystem[22m | 正在校验 GDExtension……[39m[0m
[  50% ] [90m[1mfirst_scan_filesystem[22m | 正在创建自动加载脚本……[39m[0m
[  66% ] [90m[1mfirst_scan_filesystem[22m | 正在初始化插件……[39m[0m
[  83% ] [90m[1mfirst_scan_filesystem[22m | 正在启动文件扫描……[39m[0m
[92m[ DONE ][39m [1mfirst_scan_filesystem[22m
[0m
[   0% ] [90m[1msavepack[22m | Started 打包中 (102 steps)[39m[0m
[   1% ] [90m[1msavepack[22m | 正在保存文件：res://.godot/imported/atk_cannon.wav-10886ac9a125ae4a6a1f1987c795d77d.sample[39m[0m
[   1% ] [90m[1msavepack[22m | 正在保存文件：res://assets/audio/atk_cannon.wav.import[39m[0m
[   1% ] [90m[1msavepack[22m | 正在保存文件：res://.godot/imported/atk_hammer.wav-ec4a7d95950b9afd6dfcc93ccada2c55.sample[39m[0m
[   1% ] [90m[1msavepack[22m | 正在保存文件：res://assets/audio/atk_hammer.wav.import[39m[0m
[   1% ] [90m[1msavepack[22m | 正在保存文件：res://.godot/imported/attack.mp3-ecb160079f86b89d5508bedcc38b5c06.mp3str[39m[0m
[   1% ] [90m[1msavepack[22m | 正在保存文件：res://assets/audio/attack.mp3.import[39m[0m
[   1% ] [90m[1msavepack[22m | 正在保存文件：res://.godot/imported/bgm.mp3-7454ebd4ce825ddccfe53defc5fe514b.mp3str[39m[0m
[   1% ] [90m[1msavepack[22m | 正在保存文件：res://assets/audio/bgm.mp3.import[39m[0m
[   1% ] [90m[1msavepack[22m | 正在保存文件：res://.godot/imported/dash.wav-c732fa599cfe157dd4267b88c75a825a.sample[39m[0m
[   1% ] [90m[1msavepack[22m | 正在保存文件：res://assets/audio/dash.wav.import[39m[0m
[   1% ] [90m[1msavepack[22m | 正在保存文件：res://.godot/imported/hit.mp3-86b52b9baff5b5a5feecd7b2e644862b.mp3str[39m[0m
[   1% ] [90m[1msavepack[22m | 正在保存文件：res://assets/audio/hit.mp3.import[39m[0m
[   1% ] [90m[1msavepack[22m | 正在保存文件：res://.godot/imported/jump.wav-7ea4d93114fa52c0b9979f6b2117f13f.sample[39m[0m
[   1% ] [90m[1msavepack[22m | 正在保存文件：res://assets/audio/jump.wav.import[39m[0m
[   2% ] [90m[1msavepack[22m | 正在保存文件：res://.godot/imported/land.wav-baef3c9f2a47922b496a826b5b8d32ac.sample[39m[0m
[   2% ] [90m[1msavepack[22m | 正在保存文件：res://assets/audio/land.wav.import[39m[0m
[   2% ] [90m[1msavepack[22m | 正在保存文件：res://.godot/imported/slam.wav-704e6f50aaeb96062079e56ac2cb31e6.sample[39m[0m
[   2% ] [90m[1msavepack[22m | 正在保存文件：res://assets/audio/slam.wav.import[39m[0m
[   2% ] [90m[1msavepack[22m | 正在保存文件：res://.godot/imported/ui.mp3-247fb67c6658d1e5891479cc4fe37533.mp3str[39m[0m
[   2% ] [90m[1msavepack[22m | 正在保存文件：res://assets/audio/ui.mp3.import[39m[0m
[   2% ] [90m[1msavepack[22m | 正在保存文件：res://.godot/imported/far.png-29da717b9e0013c671ee5a56611fa9f3.ctex[39m[0m
[   2% ] [90m[1msavepack[22m | 正在保存文件：res://assets/bg/city/far.png.import[39m[0m
[   2% ] [90m[1msavepack[22m | 正在保存文件：res://.godot/imported/near.png-fa83bb11a94db3c736972054dcd19045.ctex[39m[0m
[   2% ] [90m[1msavepack[22m | 正在保存文件：res://assets/bg/city/near.png.import[39m[0m
[   2% ] [90m[1msavepack[22m | 正在保存文件：res://.godot/imported/sky.png-5418069cf0a8b104ae7f2215c82e8a9d.ctex[39m[0m
[   2% ] [90m[1msavepack[22m | 正在保存文件：res://assets/bg/city/sky.png.import[39m[0m
[   2% ] [90m[1msavepack[22m | 正在保存文件：res://.godot/imported/far.png-61dfa7d44ae9b3f9650761434b75ec4b.ctex[39m[0m
[   2% ] [90m[1msavepack[22m | 正在保存文件：res://assets/bg/factory/far.png.import[39m[0m
[   3% ] [90m[1msavepack[22m | 正在保存文件：res://.godot/imported/near.png-ce2c6c0fde16d5b375c018b57955c9c9.ctex[39m[0m
[   3% ] [90m[1msavepack[22m | 正在保存文件：res://assets/bg/factory/near.png.import[39m[0m
[   3% ] [90m[1msavepack[22m | 正在保存文件：res://.godot/imported/sky.png-32b8c202ecaf15cc374c79c222a5d9e9.ctex[39m[0m
[   3% ] [90m[1msavepack[22m | 正在保存文件：res://assets/bg/factory/sky.png.import[39m[0m
[   3% ] [90m[1msavepack[22m | 正在保存文件：res://.godot/imported/far.png-79eb91af1371a6e6fa470b10eb64c57e.ctex[39m[0m
[   3% ] [90m[1msavepack[22m | 正在保存文件：res://assets/bg/mine/far.png.import[39m[0m
[   3% ] [90m[1msavepack[22m | 正在保存文件：res://.godot/imported/near.png-4c711cbae39d24d0fe98dc6e6893de47.ctex[39m[0m
[   3% ] [90m[1msavepack[22m | 正在保存文件：res://assets/bg/mine/near.png.import[39m[0m
[   3% ] [90m[1msavepack[22m | 正在保存文件：res://.godot/imported/sky.png-63eb72de07f54492a5dc47f3ce6c30b7.ctex[39m[0m
[   3% ] [90m[1msavepack[22m | 正在保存文件：res://assets/bg/mine/sky.png.import[39m[0m
[   3% ] [90m[1msavepack[22m | 正在保存文件：res://.godot/imported/far.png-36225bd6cae3d56054a3cae1d7833e5f.ctex[39m[0m
[   3% ] [90m[1msavepack[22m | 正在保存文件：res://assets/bg/temple/far.png.import[39m[0m
[   4% ] [90m[1msavepack[22m | 正在保存文件：res://.godot/imported/near.png-ef62f2df1816ad91f1147120ad8317c4.ctex[39m[0m
[   4% ] [90m[1msavepack[22m | 正在保存文件：res://assets/bg/temple/near.png.import[39m[0m
[   4% ] [90m[1msavepack[22m | 正在保存文件：res://.godot/imported/sky.png-854a0b295826f441409f2a1d83b97b8a.ctex[39m[0m
[   4% ] [90m[1msavepack[22m | 正在保存文件：res://assets/bg/temple/sky.png.import[39m[0m
[   4% ] [90m[1msavepack[22m | 正在保存文件：res://.godot/imported/shadow_mech_city_title.png-0fdadf65fb04c6c2844044ca89d08887.ctex[39m[0m
[   4% ] [90m[1msavepack[22m | 正在保存文件：res://assets/bg/title/shadow_mech_city_title.png.import[39m[0m
[   4% ] [90m[1msavepack[22m | 正在保存文件：res://.godot/imported/far.png-16df68da570d6ea9de00d6dffc08d359.ctex[39m[0m
[   4% ] [90m[1msavepack[22m | 正在保存文件：res://assets/bg/water/far.png.import[39m[0m
[   4% ] [90m[1msavepack[22m | 正在保存文件：res://.godot/imported/near.png-b9c3f496b446ac9ad82d7e7a64843dde.ctex[39m[0m
[   4% ] [90m[1msavepack[22m | 正在保存文件：res://assets/bg/water/near.png.import[39m[0m
[   4% ] [90m[1msavepack[22m | 正在保存文件：res://.godot/imported/sky.png-d0589ffc1217a151bdd89015e3458076.ctex[39m[0m
[   4% ] [90m[1msavepack[22m | 正在保存文件：res://assets/bg/water/sky.png.import[39m[0m
[   4% ] [90m[1msavepack[22m | 正在保存文件：res://.godot/imported/gear.png-f3e7d6db72265f8e84152a62caf9782e.ctex[39m[0m
[   4% ] [90m[1msavepack[22m | 正在保存文件：res://assets/bg/gear.png.import[39m[0m
[   5% ] [90m[1msavepack[22m | 正在保存文件：res://.godot/imported/hills_far.png-6c1a45bb155058a84df1628e3cbc7e33.ctex[39m[0m
[   5% ] [90m[1msavepack[22m | 正在保存文件：res://assets/bg/hills_far.png.import[39m[0m
[   5% ] [90m[1msavepack[22m | 正在保存文件：res://.godot/imported/hills_near.png-378ece4e51b006771973680e8cb77910.ctex[39m[0m
[   5% ] [90m[1msavepack[22m | 正在保存文件：res://assets/bg/hills_near.png.import[39m[0m
[   5% ] [90m[1msavepack[22m | 正在保存文件：res://.godot/imported/sky.png-5bdee1c6ec1e36c2ee46724c91790ac0.ctex[39m[0m
[   5% ] [90m[1msavepack[22m | 正在保存文件：res://assets/bg/sky.png.import[39m[0m
[   5% ] [90m[1msavepack[22m | 正在保存文件：res://.godot/imported/conveyor.png-32535ca886effbbb0292e3ef483c5484.ctex[39m[0m
[   5% ] [90m[1msavepack[22m | 正在保存文件：res://assets/decor/factory/conveyor.png.import[39m[0m
[   5% ] [90m[1msavepack[22m | 正在保存文件：res://.godot/imported/furnace.png-e69b8e9d9e4127f7be0b954d75a5d92e.ctex[39m[0m
[   5% ] [90m[1msavepack[22m | 正在保存文件：res://assets/decor/factory/furnace.png.import[39m[0m
[   5% ] [90m[1msavepack[22m | 正在保存文件：res://.godot/imported/gearwheel.png-cd9cf90fe89313c46be9a56772abc29f.ctex[39m[0m
[   5% ] [90m[1msavepack[22m | 正在保存文件：res://assets/decor/factory/gearwheel.png.import[39m[0m
[   6% ] [90m[1msavepack[22m | 正在保存文件：res://.godot/imported/pipes.png-e3c8fbcb3d26822c514823def9ce0632.ctex[39m[0m
[   6% ] [90m[1msavepack[22m | 正在保存文件：res://assets/decor/factory/pipes.png.import[39m[0m
[   6% ] [90m[1msavepack[22m | 正在保存文件：res://.godot/imported/minelamp.png-e0e702ca1c4db34259a935a663fe17f1.ctex[39m[0m
[   6% ] [90m[1msavepack[22m | 正在保存文件：res://assets/decor/mine/minelamp.png.import[39m[0m
[   6% ] [90m[1msavepack[22m | 正在保存文件：res://.godot/imported/orecrystal.png-c7bd08d4c7bfce16ffcd5e5918ca50a5.ctex[39m[0m
[   6% ] [90m[1msavepack[22m | 正在保存文件：res://assets/decor/mine/orecrystal.png.import[39m[0m
[   6% ] [90m[1msavepack[22m | 正在保存文件：res://.godot/imported/rubble.png-39e6dfc42e8a42ecdd2a1ca0c0636456.ctex[39m[0m
[   6% ] [90m[1msavepack[22m | 正在保存文件：res://assets/decor/mine/rubble.png.import[39m[0m
[   6% ] [90m[1msavepack[22m | 正在保存文件：res://.godot/imported/support.png-759fcab7cae7c9fe3f2f4d0cb260f3e5.ctex[39m[0m
[   6% ] [90m[1msavepack[22m | 正在保存文件：res://assets/decor/mine/support.png.import[39m[0m
[   6% ] [90m[1msavepack[22m | 正在保存文件：res://.godot/imported/00.png-5e1ed1cb3fba199cd071de2d27332132.ctex[39m[0m
[   6% ] [90m[1msavepack[22m | 正在保存文件：res://assets/effects/bolt/00.png.import[39m[0m
[   6% ] [90m[1msavepack[22m | 正在保存文件：res://.godot/imported/01.png-a2fb7648a507ed5e649f3333cc6e4f44.ctex[39m[0m
[   6% ] [90m[1msavepack[22m | 正在保存文件：res://assets/effects/bolt/01.png.import[39m[0m
[   7% ] [90m[1msavepack[22m | 正在保存文件：res://.godot/imported/02.png-36f92773fd5554bf36350967c37fccab.ctex[39m[0m
[   7% ] [90m[1msavepack[22m | 正在保存文件：res://assets/effects/bolt/02.png.import[39m[0m
[   7% ] [90m[1msavepack[22m | 正在保存文件：res://.godot/imported/03.png-a42afbfbe26723ae15d4f0443ae22b6f.ctex[39m[0m
[   7% ] [90m[1msavepack[22m | 正在保存文件：res://assets/effects/bolt/03.png.import[39m[0m
[   7% ] [90m[1msavepack[22m | 正在保存文件：res://.godot/imported/04.png-154d69f3852697439caecf0adcae4c60.ctex[39m[0m
[   7% ] [90m[1msavepack[22m | 正在保存文件：res://assets/effects/bolt/04.png.import[39m[0m
[   7% ] [90m[1msavepack[22m | 正在保存文件：res://.godot/imported/05.png-3f71ec4674d54be3b37e72682960262c.ctex[39m[0m
[   7% ] [90m[1msavepack[22m | 正在保存文件：res://assets/effects/bolt/05.png.import[39m[0m
[   7% ] [90m[1msavepack[22m | 正在保存文件：res://.godot/imported/06.png-26ccd32d56bbbac70221f75bedd86536.ctex[39m[0m
[   7% ] [90m[1msavepack[22m | 正在保存文件：res://assets/effects/bolt/06.png.import[39m[0m
[   7% ] [90m[1msavepack[22m | 正在保存文件：res://.godot/imported/00.png-6e92823801fe73bb7b48e0b6e2bf0823.ctex[39m[0m
[   7% ] [90m[1msavepack[22m | 正在保存文件：res://assets/effects/bolt2/00.png.import[39m[0m
[   8% ] [90m[1msavepack[22m | 正在保存文件：res://.godot/imported/01.png-069202a01b10ff80f3ad801d35063149.ctex[39m[0m
[   8% ] [90m[1msavepack[22m | 正在保存文件：res://assets/effects/bolt2/01.png.import[39m[0m
[   8% ] [90m[1msavepack[22m | 正在保存文件：res://.godot/imported/02.png-4b8df0d4dc2c669c2068a24b18820dc7.ctex[39m[0m
[   8% ] [90m[1msavepack[22m | 正在保存文件：res://assets/effects/bolt2/02.png.import[39m[0m
[   8% ] [90m[1msavepack[22m | 正在保存文件：res://.godot/imported/03.png-28da6457c47528c57de6012e44a472fe.ctex[39m[0m
[   8% ] [90m[1msavepack[22m | 正在保存文件：res://assets/effects/bolt2/03.png.import[39m[0m
[   8% ] [90m[1msavepack[22m | 正在保存文件：res://.godot/imported/00.png-f6a7e12757382cc28254ea119e9c3e00.ctex[39m[0m
[   8% ] [90m[1msavepack[22m | 正在保存文件：res://assets/effects/slash/00.png.import[39m[0m
[   8% ] [90m[1msavepack[22m | 正在保存文件：res://.godot/imported/01.png-d90a861ad06d5606947a85312465f6f4.ctex[39m[0m
[   8% ] [90m[1msavepack[22m | 正在保存文件：res://assets/effects/slash/01.png.import[39m[0m
[   8% ] [90m[1msavepack[22m | 正在保存文件：res://.godot/imported/02.png-d247386f21d673095f65caea03327fb6.ctex[39m[0m
[   8% ] [90m[1msavepack[22m | 正在保存文件：res://assets/effects/slash/02.png.import[39m[0m
[   8% ] [90m[1msavepack[22m | 正在保存文件：res://.godot/imported/03.png-843a6678866d2a4b9da8dd7299760fcf.ctex[39m[0m
[   8% ] [90m[1msavepack[22m | 正在保存文件：res://assets/effects/slash/03.png.import[39m[0m
[   9% ] [90m[1msavepack[22m | 正在保存文件：res://.godot/imported/04.png-9c636257b74e70032c23a4904ea74c03.ctex[39m[0m
[   9% ] [90m[1msavepack[22m | 正在保存文件：res://assets/effects/slash/04.png.import[39m[0m
[   9% ] [90m[1msavepack[22m | 正在保存文件：res://.godot/imported/05.png-69dab7906c9eb0692195bb5106c44f19.ctex[39m[0m
[   9% ] [90m[1msavepack[22m | 正在保存文件：res://assets/effects/slash/05.png.import[39m[0m
[   9% ] [90m[1msavepack[22m | 正在保存文件：res://.godot/imported/06.png-d0de7d255f6c98c9a569b0b9dec2572e.ctex[39m[0m
[   9% ] [90m[1msavepack[22m | 正在保存文件：res://assets/effects/slash/06.png.import[39m[0m
[   9% ] [90m[1msavepack[22m | 正在保存文件：res://.godot/imported/00.png-4758a3f5893942db45beea16c9700903.ctex[39m[0m
[   9% ] [90m[1msavepack[22m | 正在保存文件：res://assets/effects/smash/00.png.import[39m[0m
[   9% ] [90m[1msavepack[22m | 正在保存文件：res://.godot/imported/01.png-65564e6155d3fcccbf151c243d91f001.ctex[39m[0m
[   9% ] [90m[1msavepack[22m | 正在保存文件：res://assets/effects/smash/01.png.import[39m[0m
[   9% ] [90m[1msavepack[22m | 正在保存文件：res://.godot/imported/02.png-0bcc45e5ac797b129810b7eb0e9097c9.ctex[39m[0m
[   9% ] [90m[1msavepack[22m | 正在保存文件：res://assets/effects/smash/02.png.import[39m[0m
[   9% ] [90m[1msavepack[22m | 正在保存文件：res://.godot/imported/03.png-914fa57274ae8d7f5056bb3a1461776f.ctex[39m[0m
[   9% ] [90m[1msavepack[22m | 正在保存文件：res://assets/effects/smash/03.png.import[39m[0m
[  10% ] [90m[1msavepack[22m | 正在保存文件：res://.godot/imported/04.png-9bd149d0a7fe979f91f45edab161bf42.ctex[39m[0m
[  10% ] [90m[1msavepack[22m | 正在保存文件：res://assets/effects/smash/04.png.import[39m[0m
[  10% ] [90m[1msavepack[22m | 正在保存文件：res://.godot/imported/05.png-88ddbf4f04c0532b4b7c999886eddcbd.ctex[39m[0m
[  10% ] [90m[1msavepack[22m | 正在保存文件：res://assets/effects/smash/05.png.import[39m[0m
[  10% ] [90m[1msavepack[22m | 正在保存文件：res://.godot/imported/06.png-8def8dc61b26d9705b3e08d4311f5dfc.ctex[39m[0m
[  10% ] [90m[1msavepack[22m | 正在保存文件：res://assets/effects/smash/06.png.import[39m[0m
[  10% ] [90m[1msavepack[22m | 正在保存文件：res://.godot/imported/07.png-a138e31d518148566d138e4cb863d151.ctex[39m[0m
[  10% ] [90m[1msavepack[22m | 正在保存文件：res://assets/effects/smash/07.png.import[39m[0m
[  10% ] [90m[1msavepack[22m | 正在保存文件：res://.godot/imported/08.png-103389e3032b6256f2c44df56c4ca0ed.ctex[39m[0m
[  10% ] [90m[1msavepack[22m | 正在保存文件：res://assets/effects/smash/08.png.import[39m[0m
[  10% ] [90m[1msavepack[22m | 正在保存文件：res://.godot/imported/09.png-6e71ec5fd5e7f2dc1da969e4bc6eaf8f.ctex[39m[0m
[  10% ] [90m[1msavepack[22m | 正在保存文件：res://assets/effects/smash/09.png.import[39m[0m
[  11% ] [90m[1msavepack[22m | 正在保存文件：res://.godot/imported/10.png-9d60d399b7a4aa93e1580a59917f5807.ctex[39m[0m
[  11% ] [90m[1msavepack[22m | 正在保存文件：res://assets/effects/smash/10.png.import[39m[0m
[  11% ] [90m[1msavepack[22m | 正在保存文件：res://.godot/imported/11.png-8259d4b97e3f24f4955088d34da2350d.ctex[39m[0m
[  11% ] [90m[1msavepack[22m | 正在保存文件：res://assets/effects/smash/11.png.import[39m[0m
[  11% ] [90m[1msavepack[22m | 正在保存文件：res://.godot/imported/12.png-c51c0df2710ba17ca17b166d756d6676.ctex[39m[0m
[  11% ] [90m[1msavepack[22m | 正在保存文件：res://assets/effects/smash/12.png.import[39m[0m
[  11% ] [90m[1msavepack[22m | 正在保存文件：res://.godot/imported/13.png-54ffcdbb68fedb1f0abf5764217df06d.ctex[39m[0m
[  11% ] [90m[1msavepack[22m | 正在保存文件：res://assets/effects/smash/13.png.import[39m[0m
[  11% ] [90m[1msavepack[22m | 正在保存文件：res://.godot/imported/14.png-edd8d212a7bab5b6765d9bc2349b42df.ctex[39m[0m
[  11% ] [90m[1msavepack[22m | 正在保存文件：res://assets/effects/smash/14.png.import[39m[0m
[  11% ] [90m[1msavepack[22m | 正在保存文件：res://.godot/imported/15.png-73baf959e5d7701dcd5ef9dcd3d838bb.ctex[39m[0m
[  11% ] [90m[1msavepack[22m | 正在保存文件：res://assets/effects/smash/15.png.import[39m[0m
[  11% ] [90m[1msavepack[22m | 正在保存文件：res://.godot/imported/00.png-362289625eac039af6c780474e9b5db2.ctex[39m[0m
[  11% ] [90m[1msavepack[22m | 正在保存文件：res://assets/effects/spin/00.png.import[39m[0m
[  12% ] [90m[1msavepack[22m | 正在保存文件：res://.godot/imported/01.png-e57b8907897cc28c7cadd001709e8955.ctex[39m[0m
[  12% ] [90m[1msavepack[22m | 正在保存文件：res://assets/effects/spin/01.png.import[39m[0m
[  12% ] [90m[1msavepack[22m | 正在保存文件：res://.godot/imported/02.png-6e3719cb54fe824f2c460e325d3bcf8d.ctex[39m[0m
[  12% ] [90m[1msavepack[22m | 正在保存文件：res://assets/effects/spin/02.png.import[39m[0m
[  12% ] [90m[1msavepack[22m | 正在保存文件：res://.godot/imported/03.png-95fa076c9342afef1f613d6c5266571c.ctex[39m[0m
[  12% ] [90m[1msavepack[22m | 正在保存文件：res://assets/effects/spin/03.png.import[39m[0m
[  12% ] [90m[1msavepack[22m | 正在保存文件：res://.godot/imported/04.png-e4b2a445b5861d38dc57d17b5ab988c0.ctex[39m[0m
[  12% ] [90m[1msavepack[22m | 正在保存文件：res://assets/effects/spin/04.png.import[39m[0m
[  12% ] [90m[1msavepack[22m | 正在保存文件：res://.godot/imported/05.png-2108d3049454416e13ff642fb41433e1.ctex[39m[0m
[  12% ] [90m[1msavepack[22m | 正在保存文件：res://assets/effects/spin/05.png.import[39m[0m
[  12% ] [90m[1msavepack[22m | 正在保存文件：res://.godot/imported/06.png-cb138ef089a51e52e9f1c865c3e8bcb8.ctex[39m[0m
[  12% ] [90m[1msavepack[22m | 正在保存文件：res://assets/effects/spin/06.png.import[39m[0m
[  13% ] [90m[1msavepack[22m | 正在保存文件：res://.godot/imported/07.png-c1294465e44517701a6f721a7d714ddb.ctex[39m[0m
[  13% ] [90m[1msavepack[22m | 正在保存文件：res://assets/effects/spin/07.png.import[39m[0m
[  13% ] [90m[1msavepack[22m | 正在保存文件：res://.godot/imported/08.png-ecc8470ad83de7991bcff3bd7c7c6f4c.ctex[39m[0m
[  13% ] [90m[1msavepack[22m | 正在保存文件：res://assets/effects/spin/08.png.import[39m[0m
[  13% ] [90m[1msavepack[22m | 正在保存文件：res://.godot/imported/09.png-1a6d233310b1222b38fc0f72f8d6d11c.ctex[39m[0m
[  13% ] [90m[1msavepack[22m | 正在保存文件：res://assets/effects/spin/09.png.import[39m[0m
[  13% ] [90m[1msavepack[22m | 正在保存文件：res://.godot/imported/00.png-8a1e5ad7944275f3a2f550e4718e64d5.ctex[39m[0m
[  13% ] [90m[1msavepack[22m | 正在保存文件：res://assets/enemies/bat/00.png.import[39m[0m
[  13% ] [90m[1msavepack[22m | 正在保存文件：res://.godot/imported/01.png-aeca1a37fa12d7bad2945e7b798cd2b0.ctex[39m[0m
[  13% ] [90m[1msavepack[22m | 正在保存文件：res://assets/enemies/bat/01.png.import[39m[0m
[  13% ] [90m[1msavepack[22m | 正在保存文件：res://.godot/imported/02.png-8b13ff8aae17003b774b95d48d7d8f5d.ctex[39m[0m
[  13% ] [90m[1msavepack[22m | 正在保存文件：res://assets/enemies/bat/02.png.import[39m[0m
[  13% ] [90m[1msavepack[22m | 正在保存文件：res://.godot/imported/03.png-fb979c2c6232805fddf64c3e15a9895e.ctex[39m[0m
[  13% ] [90m[1msavepack[22m | 正在保存文件：res://assets/enemies/bat/03.png.import[39m[0m
[  14% ] [90m[1msavepack[22m | 正在保存文件：res://.godot/imported/00.png-ceedf6a5200976c16447780d698be73d.ctex[39m[0m
[  14% ] [90m[1msavepack[22m | 正在保存文件：res://assets/enemies/beast/00.png.import[39m[0m
[  14% ] [90m[1msavepack[22m | 正在保存文件：res://.godot/imported/01.png-1817cd3e0e6fe2e9844990c25a25696d.ctex[39m[0m
[  14% ] [90m[1msavepack[22m | 正在保存文件：res://assets/enemies/beast/01.png.import[39m[0m
[  14% ] [90m[1msavepack[22m | 正在保存文件：res://.godot/imported/02.png-6ae6f2aa50b5eb872ff45953a0213126.ctex[39m[0m
[  14% ] [90m[1msavepack[22m | 正在保存文件：res://assets/enemies/beast/02.png.import[39m[0m
[  14% ] [90m[1msavepack[22m | 正在保存文件：res://.godot/imported/03.png-5648ec7c5730cd81e440878a627d84df.ctex[39m[0m
[  14% ] [90m[1msavepack[22m | 正在保存文件：res://assets/enemies/beast/03.png.import[39m[0m
[  14% ] [90m[1msavepack[22m | 正在保存文件：res://.godot/imported/04.png-7dfee4d9c08a5843ece83f96a278921e.ctex[39m[0m
[  14% ] [90m[1msavepack[22m | 正在保存文件：res://assets/enemies/beast/04.png.import[39m[0m
[  14% ] [90m[1msavepack[22m | 正在保存文件：res://.godot/imported/05.png-148d6fad3ad43848fafcdb1ae7fd6f56.ctex[39m[0m
[  14% ] [90m[1msavepack[22m | 正在保存文件：res://assets/enemies/beast/05.png.import[39m[0m
[  15% ] [90m[1msavepack[22m | 正在保存文件：res://.godot/imported/00.png-c75047fc71600d8a44c4e6b74801444c.ctex[39m[0m
[  15% ] [90m[1msavepack[22m | 正在保存文件：res://assets/enemies/bird/00.png.import[39m[0m
[  15% ] [90m[1msavepack[22m | 正在保存文件：res://.godot/imported/01.png-302311d8c8788f99d81fc3262964677e.ctex[39m[0m
[  15% ] [90m[1msavepack[22m | 正在保存文件：res://assets/enemies/bird/01.png.import[39m[0m
[  15% ] [90m[1msavepack[22m | 正在保存文件：res://.godot/imported/02.png-d96e778a2812ea0054ddecf86e2f8d00.ctex[39m[0m
[  15% ] [90m[1msavepack[22m | 正在保存文件：res://assets/enemies/bird/02.png.import[39m[0m
[  15% ] [90m[1msavepack[22m | 正在保存文件：res://.godot/imported/03.png-c8e22aeb549ae3f0a4e638303d87e6cb.ctex[39m[0m
[  15% ] [90m[1msavepack[22m | 正在保存文件：res://assets/enemies/bird/03.png.import[39m[0m
[  15% ] [90m[1msavepack[22m | 正在保存文件：res://.godot/imported/04.png-03b5566bd1e08bc28c83c55801688a0b.ctex[39m[0m
[  15% ] [90m[1msavepack[22m | 正在保存文件：res://assets/enemies/bird/04.png.import[39m[0m
[  15% ] [90m[1msavepack[22m | 正在保存文件：res://.godot/imported/05.png-06786fe54de5c9007791436c392b0ff3.ctex[39m[0m
[  15% ] [90m[1msavepack[22m | 正在保存文件：res://assets/enemies/bird/05.png.import[39m[0m
[  15% ] [90m[1msavepack[22m | 正在保存文件：res://.godot/imported/06.png-500ed9218914f5ecd65d90379633fcdf.ctex[39m[0m
[  15% ] [90m[1msavepack[22m | 正在保存文件：res://assets/enemies/bird/06.png.import[39m[0m
[  16% ] [90m[1msavepack[22m | 正在保存文件：res://.godot/imported/00.png-3f9e46dcc988feda672aa67938da9d46.ctex[39m[0m
[  16% ] [90m[1msavepack[22m | 正在保存文件：res://assets/enemies/furry/00.png.import[39m[0m
[  16% ] [90m[1msavepack[22m | 正在保存文件：res://.godot/imported/01.png-7aecc400ebd93e075027c8c146e5f7e1.ctex[39m[0m
[  16% ] [90m[1msavepack[22m | 正在保存文件：res://assets/enemies/furry/01.png.import[39m[0m
[  16% ] [90m[1msavepack[22m | 正在保存文件：res://.godot/imported/02.png-83ddb73fe9fc9a5062b4fc49a947151b.ctex[39m[0m
[  16% ] [90m[1msavepack[22m | 正在保存文件：res://assets/enemies/furry/02.png.import[39m[0m
[  16% ] [90m[1msavepack[22m | 正在保存文件：res://.godot/imported/03.png-c0d3b0980e75060baaaf4aa3aa202351.ctex[39m[0m
[  16% ] [90m[1msavepack[22m | 正在保存文件：res://assets/enemies/furry/03.png.import[39m[0m
[  16% ] [90m[1msavepack[22m | 正在保存文件：res://.godot/imported/04.png-89042c2f1e886c65fc3014ec5bed9e08.ctex[39m[0m
[  16% ] [90m[1msavepack[22m | 正在保存文件：res://assets/enemies/furry/04.png.import[39m[0m
[  16% ] [90m[1msavepack[22m | 正在保存文件：res://.godot/imported/05.png-e49dfbf8fb07e15d9acd5dcddace7fbc.ctex[39m[0m
[  16% ] [90m[1msavepack[22m | 正在保存文件：res://assets/enemies/furry/05.png.import[39m[0m
[  17% ] [90m[1msavepack[22m | 正在保存文件：res://.godot/imported/06.png-09fe08acbc8e99c6737087c5dc018591.ctex[39m[0m
[  17% ] [90m[1msavepack[22m | 正在保存文件：res://assets/enemies/furry/06.png.import[39m[0m
[  17% ] [90m[1msavepack[22m | 正在保存文件：res://.godot/imported/07.png-d4393978b49a86e7668d9c3cdd1ca310.ctex[39m[0m
[  17% ] [90m[1msavepack[22m | 正在保存文件：res://assets/enemies/furry/07.png.import[39m[0m
[  17% ] [90m[1msavepack[22m | 正在保存文件：res://.godot/imported/00.png-ede9c55545723dd756625a5d63ad7945.ctex[39m[0m
[  17% ] [90m[1msavepack[22m | 正在保存文件：res://assets/enemies/golem/00.png.import[39m[0m
[  17% ] [90m[1msavepack[22m | 正在保存文件：res://.godot/imported/01.png-df999b76434eb1d9853306bb85373af0.ctex[39m[0m
[  17% ] [90m[1msavepack[22m | 正在保存文件：res://assets/enemies/golem/01.png.import[39m[0m
[  17% ] [90m[1msavepack[22m | 正在保存文件：res://.godot/imported/02.png-f0b60511c030a782a2d56e0d01516328.ctex[39m[0m
[  17% ] [90m[1msavepack[22m | 正在保存文件：res://assets/enemies/golem/02.png.import[39m[0m
[  17% ] [90m[1msavepack[22m | 正在保存文件：res://.godot/imported/03.png-90b08a845b8f0e6ec1925676bba82e64.ctex[39m[0m
[  17% ] [90m[1msavepack[22m | 正在保存文件：res://assets/enemies/golem/03.png.import[39m[0m
[  17% ] [90m[1msavepack[22m | 正在保存文件：res://.godot/imported/04.png-591c4feef49dea95d1ed97659c9632f0.ctex[39m[0m
[  17% ] [90m[1msavepack[22m | 正在保存文件：res://assets/enemies/golem/04.png.import[39m[0m
[  18% ] [90m[1msavepack[22m | 正在保存文件：res://.godot/imported/05.png-3a2c785b1690f15fb85b85121be8c159.ctex[39m[0m
[  18% ] [90m[1msavepack[22m | 正在保存文件：res://assets/enemies/golem/05.png.import[39m[0m
[  18% ] [90m[1msavepack[22m | 正在保存文件：res://.godot/imported/00.png-89cd98403909ca9614298fa3e7e3b107.ctex[39m[0m
[  18% ] [90m[1msavepack[22m | 正在保存文件：res://assets/enemies/jelly/00.png.import[39m[0m
[  18% ] [90m[1msavepack[22m | 正在保存文件：res://.godot/imported/01.png-19cfbaf881d16ac766f8dda1ff784de0.ctex[39m[0m
[  18% ] [90m[1msavepack[22m | 正在保存文件：res://assets/enemies/jelly/01.png.import[39m[0m
[  18% ] [90m[1msavepack[22m | 正在保存文件：res://.godot/imported/02.png-b721ecd457b974181b82a169a2ca1467.ctex[39m[0m
[  18% ] [90m[1msavepack[22m | 正在保存文件：res://assets/enemies/jelly/02.png.import[39m[0m
[  18% ] [90m[1msavepack[22m | 正在保存文件：res://.godot/imported/03.png-0b376d8c851b47b836c0cf84af529f57.ctex[39m[0m
[  18% ] [90m[1msavepack[22m | 正在保存文件：res://assets/enemies/jelly/03.png.import[39m[0m
[  18% ] [90m[1msavepack[22m | 正在保存文件：res://.godot/imported/04.png-19d636b1a043b42dfb5af9da624f220e.ctex[39m[0m
[  18% ] [90m[1msavepack[22m | 正在保存文件：res://assets/enemies/jelly/04.png.import[39m[0m
[  18% ] [90m[1msavepack[22m | 正在保存文件：res://.godot/imported/05.png-e2c74c3ecf26a5ac6576523b40a0face.ctex[39m[0m
[  18% ] [90m[1msavepack[22m | 正在保存文件：res://assets/enemies/jelly/05.png.import[39m[0m
[  19% ] [90m[1msavepack[22m | 正在保存文件：res://.godot/imported/00.png-790684168e6c1421a4a7bc1e40ee7889.ctex[39m[0m
[  19% ] [90m[1msavepack[22m | 正在保存文件：res://assets/enemies/lion/00.png.import[39m[0m
[  19% ] [90m[1msavepack[22m | 正在保存文件：res://.godot/imported/01.png-fe024fd3ac2e924bb75576cee578367f.ctex[39m[0m
[  19% ] [90m[1msavepack[22m | 正在保存文件：res://assets/enemies/lion/01.png.import[39m[0m
[  19% ] [90m[1msavepack[22m | 正在保存文件：res://.godot/imported/02.png-e88ac15518251bcde64fc94ec070bf41.ctex[39m[0m
[  19% ] [90m[1msavepack[22m | 正在保存文件：res://assets/enemies/lion/02.png.import[39m[0m
[  19% ] [90m[1msavepack[22m | 正在保存文件：res://.godot/imported/03.png-dbd7944e457008d04a31a0e84d284b47.ctex[39m[0m
[  19% ] [90m[1msavepack[22m | 正在保存文件：res://assets/enemies/lion/03.png.import[39m[0m
[  19% ] [90m[1msavepack[22m | 正在保存文件：res://.godot/imported/00.png-599f2bef39a62a42e8439a38e2c4510e.ctex[39m[0m
[  19% ] [90m[1msavepack[22m | 正在保存文件：res://assets/enemies/mushroom/00.png.import[39m[0m
[  19% ] [90m[1msavepack[22m | 正在保存文件：res://.godot/imported/01.png-7ecd09e581c1d5ab2fc6dd895ffef888.ctex[39m[0m
[  19% ] [90m[1msavepack[22m | 正在保存文件：res://assets/enemies/mushroom/01.png.import[39m[0m
[  20% ] [90m[1msavepack[22m | 正在保存文件：res://.godot/imported/02.png-078192f5f8e42010cf519247d757e43f.ctex[39m[0m
[  20% ] [90m[1msavepack[22m | 正在保存文件：res://assets/enemies/mushroom/02.png.import[39m[0m
[  20% ] [90m[1msavepack[22m | 正在保存文件：res://.godot/imported/03.png-c27feb8cb85170f00fe41148bbecb603.ctex[39m[0m
[  20% ] [90m[1msavepack[22m | 正在保存文件：res://assets/enemies/mushroom/03.png.import[39m[0m
[  20% ] [90m[1msavepack[22m | 正在保存文件：res://.godot/imported/04.png-aaeb7aa00e2ac7cedfca2577399270e6.ctex[39m[0m
[  20% ] [90m[1msavepack[22m | 正在保存文件：res://assets/enemies/mushroom/04.png.import[39m[0m
[  20% ] [90m[1msavepack[22m | 正在保存文件：res://.godot/imported/05.png-d6e9b4baf26293f4771710d59b089e13.ctex[39m[0m
[  20% ] [90m[1msavepack[22m | 正在保存文件：res://assets/enemies/mushroom/05.png.import[39m[0m
[  20% ] [90m[1msavepack[22m | 正在保存文件：res://.godot/imported/06.png-79a354c22fb202482c91dbb041a8b4a0.ctex[39m[0m
[  20% ] [90m[1msavepack[22m | 正在保存文件：res://assets/enemies/mushroom/06.png.import[39m[0m
[  20% ] [90m[1msavepack[22m | 正在保存文件：res://.godot/imported/07.png-044ab5329980211d8e057941c6aee7bf.ctex[39m[0m
[  20% ] [90m[1msavepack[22m | 正在保存文件：res://assets/enemies/mushroom/07.png.import[39m[0m
[  20% ] [90m[1msavepack[22m | 正在保存文件：res://.godot/imported/00.png-6a5040721f5b90b158aa1b9cbc0c4df2.ctex[39m[0m
[  20% ] [90m[1msavepack[22m | 正在保存文件：res://assets/enemies/slime/00.png.import[39m[0m
[  21% ] [90m[1msavepack[22m | 正在保存文件：res://.godot/imported/01.png-c046a261ff56db7c6958b17fca40fda4.ctex[39m[0m
[  21% ] [90m[1msavepack[22m | 正在保存文件：res://assets/enemies/slime/01.png.import[39m[0m
[  21% ] [90m[1msavepack[22m | 正在保存文件：res://.godot/imported/02.png-3b978343e6365ec388d7a6703b23c896.ctex[39m[0m
[  21% ] [90m[1msavepack[22m | 正在保存文件：res://assets/enemies/slime/02.png.import[39m[0m
[  21% ] [90m[1msavepack[22m | 正在保存文件：res://.godot/imported/03.png-f1170a6906b93a2e8857b5679efb9804.ctex[39m[0m
[  21% ] [90m[1msavepack[22m | 正在保存文件：res://assets/enemies/slime/03.png.import[39m[0m
[  21% ] [90m[1msavepack[22m | 正在保存文件：res://.godot/imported/04.png-7da0321fbf7bbb86f47146b01a01f180.ctex[39m[0m
[  21% ] [90m[1msavepack[22m | 正在保存文件：res://assets/enemies/slime/04.png.import[39m[0m
[  21% ] [90m[1msavepack[22m | 正在保存文件：res://.godot/imported/05.png-2d00e6d37f82e6c362eeb264743afb4b.ctex[39m[0m
[  21% ] [90m[1msavepack[22m | 正在保存文件：res://assets/enemies/slime/05.png.import[39m[0m
[  21% ] [90m[1msavepack[22m | 正在保存文件：res://.godot/imported/00.png-55948bbce9d85eb3edf3bc8eed521ed8.ctex[39m[0m
[  21% ] [90m[1msavepack[22m | 正在保存文件：res://assets/hero/double_jump/00.png.import[39m[0m
[  22% ] [90m[1msavepack[22m | 正在保存文件：res://.godot/imported/01.png-c6a7c217ae028574a6d56ba40af83243.ctex[39m[0m
[  22% ] [90m[1msavepack[22m | 正在保存文件：res://assets/hero/double_jump/01.png.import[39m[0m
[  22% ] [90m[1msavepack[22m | 正在保存文件：res://.godot/imported/02.png-0a26caeaef0074c6b861b70b933d0116.ctex[39m[0m
[  22% ] [90m[1msavepack[22m | 正在保存文件：res://assets/hero/double_jump/02.png.import[39m[0m
[  22% ] [90m[1msavepack[22m | 正在保存文件：res://.godot/imported/03.png-d9766dca63c176d9e1cad7206b393c82.ctex[39m[0m
[  22% ] [90m[1msavepack[22m | 正在保存文件：res://assets/hero/double_jump/03.png.import[39m[0m
[  22% ] [90m[1msavepack[22m | 正在保存文件：res://.godot/imported/04.png-e8f5bb584ebfb15a04257a5d6515185c.ctex[39m[0m
[  22% ] [90m[1msavepack[22m | 正在保存文件：res://assets/hero/double_jump/04.png.import[39m[0m
[  22% ] [90m[1msavepack[22m | 正在保存文件：res://.godot/imported/05.png-802b72429685b9fe1e930ba1c8a41dce.ctex[39m[0m
[  22% ] [90m[1msavepack[22m | 正在保存文件：res://assets/hero/double_jump/05.png.import[39m[0m
[  22% ] [90m[1msavepack[22m | 正在保存文件：res://.godot/imported/00.png-720a094aa5016c4fd8e07c4cb3a2bd43.ctex[39m[0m
[  22% ] [90m[1msavepack[22m | 正在保存文件：res://assets/hero/fall/00.png.import[39m[0m
[  22% ] [90m[1msavepack[22m | 正在保存文件：res://.godot/imported/00.png-480ac8d757b9133fc45ce0f686e99b35.ctex[39m[0m
[  22% ] [90m[1msavepack[22m | 正在保存文件：res://assets/hero/hit/00.png.import[39m[0m
[  23% ] [90m[1msavepack[22m | 正在保存文件：res://.godot/imported/01.png-c155d98329d15d41394589567964ff4e.ctex[39m[0m
[  23% ] [90m[1msavepack[22m | 正在保存文件：res://assets/hero/hit/01.png.import[39m[0m
[  23% ] [90m[1msavepack[22m | 正在保存文件：res://.godot/imported/02.png-34148c9d9f811d18689460e8840cc114.ctex[39m[0m
[  23% ] [90m[1msavepack[22m | 正在保存文件：res://assets/hero/hit/02.png.import[39m[0m
[  23% ] [90m[1msavepack[22m | 正在保存文件：res://.godot/imported/03.png-f70b77ac2f10c636fa8c3f9bb3295cf0.ctex[39m[0m
[  23% ] [90m[1msavepack[22m | 正在保存文件：res://assets/hero/hit/03.png.import[39m[0m
[  23% ] [90m[1msavepack[22m | 正在保存文件：res://.godot/imported/04.png-555ae6a94a57a0eeb6b3be6e0231d677.ctex[39m[0m
[  23% ] [90m[1msavepack[22m | 正在保存文件：res://assets/hero/hit/04.png.import[39m[0m
[  23% ] [90m[1msavepack[22m | 正在保存文件：res://.godot/imported/05.png-dfda67f292e23bdf62c73c8d18ae50bf.ctex[39m[0m
[  23% ] [90m[1msavepack[22m | 正在保存文件：res://assets/hero/hit/05.png.import[39m[0m
[  23% ] [90m[1msavepack[22m | 正在保存文件：res://.godot/imported/06.png-5666fb3129f828acc56a1570f5e7e430.ctex[39m[0m
[  23% ] [90m[1msavepack[22m | 正在保存文件：res://assets/hero/hit/06.png.import[39m[0m
[  24% ] [90m[1msavepack[22m | 正在保存文件：res://.godot/imported/00.png-1e923c83efe46fe7882b84c576cdf0e1.ctex[39m[0m
[  24% ] [90m[1msavepack[22m | 正在保存文件：res://assets/hero/idle/00.png.import[39m[0m
[  24% ] [90m[1msavepack[22m | 正在保存文件：res://.godot/imported/01.png-42a95b9471afba78fe872a8c94dd181e.ctex[39m[0m
[  24% ] [90m[1msavepack[22m | 正在保存文件：res://assets/hero/idle/01.png.import[39m[0m
[  24% ] [90m[1msavepack[22m | 正在保存文件：res://.godot/imported/02.png-605c6b216800acf7ce0454b9bd017f77.ctex[39m[0m
[  24% ] [90m[1msavepack[22m | 正在保存文件：res://assets/hero/idle/02.png.import[39m[0m
[  24% ] [90m[1msavepack[22m | 正在保存文件：res://.godot/imported/03.png-b852e1aac9ffa714f517ec240903578a.ctex[39m[0m
[  24% ] [90m[1msavepack[22m | 正在保存文件：res://assets/hero/idle/03.png.import[39m[0m
[  24% ] [90m[1msavepack[22m | 正在保存文件：res://.godot/imported/04.png-275540358deec1a3e2d0e1cffa296544.ctex[39m[0m
[  24% ] [90m[1msavepack[22m | 正在保存文件：res://assets/hero/idle/04.png.import[39m[0m
[  24% ] [90m[1msavepack[22m | 正在保存文件：res://.godot/imported/05.png-87f4a1ed75a9345d3a33ae14ac44ce92.ctex[39m[0m
[  24% ] [90m[1msavepack[22m | 正在保存文件：res://assets/hero/idle/05.png.import[39m[0m
[  24% ] [90m[1msavepack[22m | 正在保存文件：res://.godot/imported/06.png-ba05df41a609a41a2e297b1590ad4c1e.ctex[39m[0m
[  24% ] [90m[1msavepack[22m | 正在保存文件：res://assets/hero/idle/06.png.import[39m[0m
[  25% ] [90m[1msavepack[22m | 正在保存文件：res://.godot/imported/07.png-a340149c9f81ccefc8fb27fcead3360f.ctex[39m[0m
[  25% ] [90m[1msavepack[22m | 正在保存文件：res://assets/hero/idle/07.png.import[39m[0m
[  25% ] [90m[1msavepack[22m | 正在保存文件：res://.godot/imported/08.png-1eb5fc3601bf94e235c65d4c4a8fffb6.ctex[39m[0m
[  25% ] [90m[1msavepack[22m | 正在保存文件：res://assets/hero/idle/08.png.import[39m[0m
[  25% ] [90m[1msavepack[22m | 正在保存文件：res://.godot/imported/09.png-8ee5ebc805f0a74600cd4d4056513249.ctex[39m[0m
[  25% ] [90m[1msavepack[22m | 正在保存文件：res://assets/hero/idle/09.png.import[39m[0m
[  25% ] [90m[1msavepack[22m | 正在保存文件：res://.godot/imported/10.png-2e07f9509e277c5e0fcc0e564ab433a4.ctex[39m[0m
[  25% ] [90m[1msavepack[22m | 正在保存文件：res://assets/hero/idle/10.png.import[39m[0m
[  25% ] [90m[1msavepack[22m | 正在保存文件：res://.godot/imported/00.png-c8f47a0f765a792977947873b46c9d72.ctex[39m[0m
[  25% ] [90m[1msavepack[22m | 正在保存文件：res://assets/hero/jump/00.png.import[39m[0m
[  25% ] [90m[1msavepack[22m | 正在保存文件：res://.godot/imported/00.png-da5f56f0538a25086d145eb4826d32b6.ctex[39m[0m
[  25% ] [90m[1msavepack[22m | 正在保存文件：res://assets/hero/run/00.png.import[39m[0m
[  26% ] [90m[1msavepack[22m | 正在保存文件：res://.godot/imported/01.png-ccd948708dea0c9b6c9fa482ff330179.ctex[39m[0m
[  26% ] [90m[1msavepack[22m | 正在保存文件：res://assets/hero/run/01.png.import[39m[0m
[  26% ] [90m[1msavepack[22m | 正在保存文件：res://.godot/imported/02.png-6ddc7edd0765b01ef24083f456f4fff0.ctex[39m[0m
[  26% ] [90m[1msavepack[22m | 正在保存文件：res://assets/hero/run/02.png.import[39m[0m
[  26% ] [90m[1msavepack[22m | 正在保存文件：res://.godot/imported/03.png-287ba74ca5f62338659fe353f875af6c.ctex[39m[0m
[  26% ] [90m[1msavepack[22m | 正在保存文件：res://assets/hero/run/03.png.import[39m[0m
[  26% ] [90m[1msavepack[22m | 正在保存文件：res://.godot/imported/04.png-384f9f09dff2e2c07a5e8e284b1d43d3.ctex[39m[0m
[  26% ] [90m[1msavepack[22m | 正在保存文件：res://assets/hero/run/04.png.import[39m[0m
[  26% ] [90m[1msavepack[22m | 正在保存文件：res://.godot/imported/05.png-7abeae792d94b4f101d4f71b63d2d15f.ctex[39m[0m
[  26% ] [90m[1msavepack[22m | 正在保存文件：res://assets/hero/run/05.png.import[39m[0m
[  26% ] [90m[1msavepack[22m | 正在保存文件：res://.godot/imported/06.png-23316f0ae05b807cf1400bb7a92828c2.ctex[39m[0m
[  26% ] [90m[1msavepack[22m | 正在保存文件：res://assets/hero/run/06.png.import[39m[0m
[  26% ] [90m[1msavepack[22m | 正在保存文件：res://.godot/imported/07.png-a2dca2c476804dd2538abb7da85dedb8.ctex[39m[0m
[  26% ] [90m[1msavepack[22m | 正在保存文件：res://assets/hero/run/07.png.import[39m[0m
[  27% ] [90m[1msavepack[22m | 正在保存文件：res://.godot/imported/08.png-bdff2a13e1e9477bd0e406c98d15c587.ctex[39m[0m
[  27% ] [90m[1msavepack[22m | 正在保存文件：res://assets/hero/run/08.png.import[39m[0m
[  27% ] [90m[1msavepack[22m | 正在保存文件：res://.godot/imported/09.png-2963d7497fa753997e9d3693a5d75de3.ctex[39m[0m
[  27% ] [90m[1msavepack[22m | 正在保存文件：res://assets/hero/run/09.png.import[39m[0m
[  27% ] [90m[1msavepack[22m | 正在保存文件：res://.godot/imported/10.png-f55cfe851f6a52b6236b466e16f5caeb.ctex[39m[0m
[  27% ] [90m[1msavepack[22m | 正在保存文件：res://assets/hero/run/10.png.import[39m[0m
[  27% ] [90m[1msavepack[22m | 正在保存文件：res://.godot/imported/11.png-15eadec34d93f84c9b38a8e834485471.ctex[39m[0m
[  27% ] [90m[1msavepack[22m | 正在保存文件：res://assets/hero/run/11.png.import[39m[0m
[  27% ] [90m[1msavepack[22m | 正在保存文件：res://.godot/imported/00.png-2c3dc93e39cec1b627e1689cefd29e6c.ctex[39m[0m
[  27% ] [90m[1msavepack[22m | 正在保存文件：res://assets/hero/wall_jump/00.png.import[39m[0m
[  27% ] [90m[1msavepack[22m | 正在保存文件：res://.godot/imported/01.png-070e5461fcfe046d42292af53c57f9f5.ctex[39m[0m
[  27% ] [90m[1msavepack[22m | 正在保存文件：res://assets/hero/wall_jump/01.png.import[39m[0m
[  27% ] [90m[1msavepack[22m | 正在保存文件：res://.godot/imported/02.png-b384b8713b9c455b5a2955de10eb8cf1.ctex[39m[0m
[  27% ] [90m[1msavepack[22m | 正在保存文件：res://assets/hero/wall_jump/02.png.import[39m[0m
[  28% ] [90m[1msavepack[22m | 正在保存文件：res://.godot/imported/03.png-a79985d70afa3ff67a4e32ab103f3b02.ctex[39m[0m
[  28% ] [90m[1msavepack[22m | 正在保存文件：res://assets/hero/wall_jump/03.png.import[39m[0m
[  28% ] [90m[1msavepack[22m | 正在保存文件：res://.godot/imported/04.png-51135bdddc043a466ef15fc14e2391b0.ctex[39m[0m
[  28% ] [90m[1msavepack[22m | 正在保存文件：res://assets/hero/wall_jump/04.png.import[39m[0m
[  28% ] [90m[1msavepack[22m | 正在保存文件：res://.godot/imported/00.png-3ce0e0fc6db7a23a33831343a56c1cde.ctex[39m[0m
[  28% ] [90m[1msavepack[22m | 正在保存文件：res://assets/hero_adv/attack1/00.png.import[39m[0m
[  28% ] [90m[1msavepack[22m | 正在保存文件：res://.godot/imported/01.png-81db1a4f64c2a55eb49a216903467401.ctex[39m[0m
[  28% ] [90m[1msavepack[22m | 正在保存文件：res://assets/hero_adv/attack1/01.png.import[39m[0m
[  28% ] [90m[1msavepack[22m | 正在保存文件：res://.godot/imported/02.png-b9e18dc18002cd495b4a0015c9716d84.ctex[39m[0m
[  28% ] [90m[1msavepack[22m | 正在保存文件：res://assets/hero_adv/attack1/02.png.import[39m[0m
[  28% ] [90m[1msavepack[22m | 正在保存文件：res://.godot/imported/03.png-4971c6c71f66310430a468ba79858e1c.ctex[39m[0m
[  28% ] [90m[1msavepack[22m | 正在保存文件：res://assets/hero_adv/attack1/03.png.import[39m[0m
[  29% ] [90m[1msavepack[22m | 正在保存文件：res://.godot/imported/04.png-018cc3885bf202be84ba39964358ed23.ctex[39m[0m
[  29% ] [90m[1msavepack[22m | 正在保存文件：res://assets/hero_adv/attack1/04.png.import[39m[0m
[  29% ] [90m[1msavepack[22m | 正在保存文件：res://.godot/imported/00.png-7a0a2b6adb01af5112b5263969ffc0c0.ctex[39m[0m
[  29% ] [90m[1msavepack[22m | 正在保存文件：res://assets/hero_adv/attack2/00.png.import[39m[0m
[  29% ] [90m[1msavepack[22m | 正在保存文件：res://.godot/imported/01.png-69c18258692d4c477751b4e6b55d3fbc.ctex[39m[0m
[  29% ] [90m[1msavepack[22m | 正在保存文件：res://assets/hero_adv/attack2/01.png.import[39m[0m
[  29% ] [90m[1msavepack[22m | 正在保存文件：res://.godot/imported/02.png-eda3a6b18a39cd1b59d6faf716a3169b.ctex[39m[0m
[  29% ] [90m[1msavepack[22m | 正在保存文件：res://assets/hero_adv/attack2/02.png.import[39m[0m
[  29% ] [90m[1msavepack[22m | 正在保存文件：res://.godot/imported/03.png-96057bff6672b2602dbf7af868db2757.ctex[39m[0m
[  29% ] [90m[1msavepack[22m | 正在保存文件：res://assets/hero_adv/attack2/03.png.import[39m[0m
[  29% ] [90m[1msavepack[22m | 正在保存文件：res://.godot/imported/04.png-7fe15e3916d0b78492fa7c4623590c65.ctex[39m[0m
[  29% ] [90m[1msavepack[22m | 正在保存文件：res://assets/hero_adv/attack2/04.png.import[39m[0m
[  29% ] [90m[1msavepack[22m | 正在保存文件：res://.godot/imported/05.png-1b26597f4c72fb5ff3dce952dd03a748.ctex[39m[0m
[  29% ] [90m[1msavepack[22m | 正在保存文件：res://assets/hero_adv/attack2/05.png.import[39m[0m
[  30% ] [90m[1msavepack[22m | 正在保存文件：res://.godot/imported/00.png-265b1b494e23f9c1b6257fcca9fc8837.ctex[39m[0m
[  30% ] [90m[1msavepack[22m | 正在保存文件：res://assets/hero_adv/attack3/00.png.import[39m[0m
[  30% ] [90m[1msavepack[22m | 正在保存文件：res://.godot/imported/01.png-4998a2e88810213105a79f1eded29bbc.ctex[39m[0m
[  30% ] [90m[1msavepack[22m | 正在保存文件：res://assets/hero_adv/attack3/01.png.import[39m[0m
[  30% ] [90m[1msavepack[22m | 正在保存文件：res://.godot/imported/02.png-fd99117cc6ca3b30df0302cd9cb8a5f1.ctex[39m[0m
[  30% ] [90m[1msavepack[22m | 正在保存文件：res://assets/hero_adv/attack3/02.png.import[39m[0m
[  30% ] [90m[1msavepack[22m | 正在保存文件：res://.godot/imported/03.png-d7602a404055593c27af8f2d93ac2f64.ctex[39m[0m
[  30% ] [90m[1msavepack[22m | 正在保存文件：res://assets/hero_adv/attack3/03.png.import[39m[0m
[  30% ] [90m[1msavepack[22m | 正在保存文件：res://.godot/imported/04.png-4a98247f5e41967e8f2c73a64839ef67.ctex[39m[0m
[  30% ] [90m[1msavepack[22m | 正在保存文件：res://assets/hero_adv/attack3/04.png.import[39m[0m
[  30% ] [90m[1msavepack[22m | 正在保存文件：res://.godot/imported/05.png-dd0e624d484246de9042b5c14df6b6c9.ctex[39m[0m
[  30% ] [90m[1msavepack[22m | 正在保存文件：res://assets/hero_adv/attack3/05.png.import[39m[0m
[  31% ] [90m[1msavepack[22m | 正在保存文件：res://.godot/imported/00.png-4cc827a7fd243a16202458f369c664b6.ctex[39m[0m
[  31% ] [90m[1msavepack[22m | 正在保存文件：res://assets/hero_adv/fall/00.png.import[39m[0m
[  31% ] [90m[1msavepack[22m | 正在保存文件：res://.godot/imported/01.png-6ddc640663f034225fe88e64c34fe3a3.ctex[39m[0m
[  31% ] [90m[1msavepack[22m | 正在保存文件：res://assets/hero_adv/fall/01.png.import[39m[0m
[  31% ] [90m[1msavepack[22m | 正在保存文件：res://.godot/imported/00.png-3ee5dc38cafb35d702865019e4812254.ctex[39m[0m
[  31% ] [90m[1msavepack[22m | 正在保存文件：res://assets/hero_adv/hurt/00.png.import[39m[0m
[  31% ] [90m[1msavepack[22m | 正在保存文件：res://.godot/imported/01.png-a60064c38c62cb4e92bdee4ba5edfeb0.ctex[39m[0m
[  31% ] [90m[1msavepack[22m | 正在保存文件：res://assets/hero_adv/hurt/01.png.import[39m[0m
[  31% ] [90m[1msavepack[22m | 正在保存文件：res://.godot/imported/02.png-6fc2ddbb6c8f451e457fa76f00b6c488.ctex[39m[0m
[  31% ] [90m[1msavepack[22m | 正在保存文件：res://assets/hero_adv/hurt/02.png.import[39m[0m
[  31% ] [90m[1msavepack[22m | 正在保存文件：res://.godot/imported/00.png-251f714e23b150de5d7df3262df90a8a.ctex[39m[0m
[  31% ] [90m[1msavepack[22m | 正在保存文件：res://assets/hero_adv/idle/00.png.import[39m[0m
[  31% ] [90m[1msavepack[22m | 正在保存文件：res://.godot/imported/01.png-9c82c5800fcf3b85dde90b8fb53996ea.ctex[39m[0m
[  31% ] [90m[1msavepack[22m | 正在保存文件：res://assets/hero_adv/idle/01.png.import[39m[0m
[  32% ] [90m[1msavepack[22m | 正在保存文件：res://.godot/imported/02.png-a86be4f4eec86597766650ffb960ca10.ctex[39m[0m
[  32% ] [90m[1msavepack[22m | 正在保存文件：res://assets/hero_adv/idle/02.png.import[39m[0m
[  32% ] [90m[1msavepack[22m | 正在保存文件：res://.godot/imported/03.png-9653af9a58989716cc501d21565e4505.ctex[39m[0m
[  32% ] [90m[1msavepack[22m | 正在保存文件：res://assets/hero_adv/idle/03.png.import[39m[0m
[  32% ] [90m[1msavepack[22m | 正在保存文件：res://.godot/imported/00.png-09763f2ff5df77156b7ddb295534ff70.ctex[39m[0m
[  32% ] [90m[1msavepack[22m | 正在保存文件：res://assets/hero_adv/jump/00.png.import[39m[0m
[  32% ] [90m[1msavepack[22m | 正在保存文件：res://.godot/imported/01.png-c28dc01f1fb70304c9ed184192904e93.ctex[39m[0m
[  32% ] [90m[1msavepack[22m | 正在保存文件：res://assets/hero_adv/jump/01.png.import[39m[0m
[  32% ] [90m[1msavepack[22m | 正在保存文件：res://.godot/imported/02.png-71230e1e9abbe79411540456a0280b46.ctex[39m[0m
[  32% ] [90m[1msavepack[22m | 正在保存文件：res://assets/hero_adv/jump/02.png.import[39m[0m
[  32% ] [90m[1msavepack[22m | 正在保存文件：res://.godot/imported/03.png-fb553bff9e97cf396d72d754abc40ab7.ctex[39m[0m
[  32% ] [90m[1msavepack[22m | 正在保存文件：res://assets/hero_adv/jump/03.png.import[39m[0m
[  33% ] [90m[1msavepack[22m | 正在保存文件：res://.godot/imported/00.png-e208a8396d2e78a77f1d79e003db6fc2.ctex[39m[0m
[  33% ] [90m[1msavepack[22m | 正在保存文件：res://assets/hero_adv/run/00.png.import[39m[0m
[  33% ] [90m[1msavepack[22m | 正在保存文件：res://.godot/imported/01.png-4ed731c7076a7858e4230b69eb9b4856.ctex[39m[0m
[  33% ] [90m[1msavepack[22m | 正在保存文件：res://assets/hero_adv/run/01.png.import[39m[0m
[  33% ] [90m[1msavepack[22m | 正在保存文件：res://.godot/imported/02.png-7d6904c34b117650ce033e84694536b7.ctex[39m[0m
[  33% ] [90m[1msavepack[22m | 正在保存文件：res://assets/hero_adv/run/02.png.import[39m[0m
[  33% ] [90m[1msavepack[22m | 正在保存文件：res://.godot/imported/03.png-cedc18484beb183f82870cadca5187b3.ctex[39m[0m
[  33% ] [90m[1msavepack[22m | 正在保存文件：res://assets/hero_adv/run/03.png.import[39m[0m
[  33% ] [90m[1msavepack[22m | 正在保存文件：res://.godot/imported/04.png-30532064e91fa990f08e7cd8825cb9cb.ctex[39m[0m
[  33% ] [90m[1msavepack[22m | 正在保存文件：res://assets/hero_adv/run/04.png.import[39m[0m
[  33% ] [90m[1msavepack[22m | 正在保存文件：res://.godot/imported/05.png-acbbd932ca6192f31a665f0d8114c697.ctex[39m[0m
[  33% ] [90m[1msavepack[22m | 正在保存文件：res://assets/hero_adv/run/05.png.import[39m[0m
[  33% ] [90m[1msavepack[22m | 正在保存文件：res://.godot/imported/chest.png-f90f7d2c3fd503848afaa1a787775ee9.ctex[39m[0m
[  33% ] [90m[1msavepack[22m | 正在保存文件：res://assets/items/chest.png.import[39m[0m
[  33% ] [90m[1msavepack[22m | 正在保存文件：res://.godot/imported/coin.png-8bbcb72414c4c7281612cecc548f7ec3.ctex[39m[0m
[  33% ] [90m[1msavepack[22m | 正在保存文件：res://assets/items/coin.png.import[39m[0m
[  33% ] [90m[1msavepack[22m | 正在保存文件：res://.godot/imported/key.png-1bfd358a1a64b1ad3be7c0129b9d143c.ctex[39m[0m
[  33% ] [90m[1msavepack[22m | 正在保存文件：res://assets/items/key.png.import[39m[0m
[  33% ] [90m[1msavepack[22m | 正在保存文件：res://.godot/imported/orb.png-f0b5cd6668169744fdd804c5653580a7.ctex[39m[0m
[  33% ] [90m[1msavepack[22m | 正在保存文件：res://assets/items/orb.png.import[39m[0m
[  33% ] [90m[1msavepack[22m | 正在保存文件：res://.godot/imported/shard.png-4b5deab75ae91235a9b72c03734c258b.ctex[39m[0m
[  33% ] [90m[1msavepack[22m | 正在保存文件：res://assets/items/shard.png.import[39m[0m
[  33% ] [90m[1msavepack[22m | 正在保存文件：res://.godot/imported/action1.png-f3470f1381864c46777d6c8900823fef.ctex[39m[0m
[  33% ] [90m[1msavepack[22m | 正在保存文件：res://assets/player/action1.png.import[39m[0m
[  33% ] [90m[1msavepack[22m | 正在保存文件：res://.godot/imported/action2.png-4f6233f5b2adfcc3ae73c40eff08b6b0.ctex[39m[0m
[  33% ] [90m[1msavepack[22m | 正在保存文件：res://assets/player/action2.png.import[39m[0m
[  33% ] [90m[1msavepack[22m | 正在保存文件：res://.godot/imported/back.png-a5efb9bcc6089542aeb9ef57c4673bee.ctex[39m[0m
[  33% ] [90m[1msavepack[22m | 正在保存文件：res://assets/player/back.png.import[39m[0m
[  34% ] [90m[1msavepack[22m | 正在保存文件：res://.godot/imported/cheer1.png-6153e06204679e006166d91368ed4bad.ctex[39m[0m
[  34% ] [90m[1msavepack[22m | 正在保存文件：res://assets/player/cheer1.png.import[39m[0m
[  34% ] [90m[1msavepack[22m | 正在保存文件：res://.godot/imported/cheer2.png-4472a0415bf6fa85f92f3638a0cac7cb.ctex[39m[0m
[  34% ] [90m[1msavepack[22m | 正在保存文件：res://assets/player/cheer2.png.import[39m[0m
[  34% ] [90m[1msavepack[22m | 正在保存文件：res://.godot/imported/climb1.png-392b78c60f410a55c07ea219917961bf.ctex[39m[0m
[  34% ] [90m[1msavepack[22m | 正在保存文件：res://assets/player/climb1.png.import[39m[0m
[  34% ] [90m[1msavepack[22m | 正在保存文件：res://.godot/imported/climb2.png-bbc5d0e25f5669d5da692dd620cc5a09.ctex[39m[0m
[  34% ] [90m[1msavepack[22m | 正在保存文件：res://assets/player/climb2.png.import[39m[0m
[  34% ] [90m[1msavepack[22m | 正在保存文件：res://.godot/imported/duck.png-59ade61b1feb0f4b4ceda98fb8381c41.ctex[39m[0m
[  34% ] [90m[1msavepack[22m | 正在保存文件：res://assets/player/duck.png.import[39m[0m
[  34% ] [90m[1msavepack[22m | 正在保存文件：res://.godot/imported/fall.png-2b1a648740d7a3c285dfa6d7ab89c5e3.ctex[39m[0m
[  34% ] [90m[1msavepack[22m | 正在保存文件：res://assets/player/fall.png.import[39m[0m
[  35% ] [90m[1msavepack[22m | 正在保存文件：res://.godot/imported/hang.png-36a36ef118f3879456b822bd760735ca.ctex[39m[0m
[  35% ] [90m[1msavepack[22m | 正在保存文件：res://assets/player/hang.png.import[39m[0m
[  35% ] [90m[1msavepack[22m | 正在保存文件：res://.godot/imported/hold1.png-9bc6feb9411b7117b7a119648c879f4b.ctex[39m[0m
[  35% ] [90m[1msavepack[22m | 正在保存文件：res://assets/player/hold1.png.import[39m[0m
[  35% ] [90m[1msavepack[22m | 正在保存文件：res://.godot/imported/hold2.png-5baa94e9441f4a57f0a88b3d85fd2d1d.ctex[39m[0m
[  35% ] [90m[1msavepack[22m | 正在保存文件：res://assets/player/hold2.png.import[39m[0m
[  35% ] [90m[1msavepack[22m | 正在保存文件：res://.godot/imported/hurt.png-4b4dc235cb136ed76ea9f0afc004761a.ctex[39m[0m
[  35% ] [90m[1msavepack[22m | 正在保存文件：res://assets/player/hurt.png.import[39m[0m
[  35% ] [90m[1msavepack[22m | 正在保存文件：res://.godot/imported/idle.png-89a795d674ff15345971f5296c9aecd0.ctex[39m[0m
[  35% ] [90m[1msavepack[22m | 正在保存文件：res://assets/player/idle.png.import[39m[0m
[  35% ] [90m[1msavepack[22m | 正在保存文件：res://.godot/imported/jump.png-5507d946096bbba04a2cd20993f5c66c.ctex[39m[0m
[  35% ] [90m[1msavepack[22m | 正在保存文件：res://assets/player/jump.png.import[39m[0m
[  35% ] [90m[1msavepack[22m | 正在保存文件：res://.godot/imported/kick.png-37c0eebea935bfe0092060b1d75077ec.ctex[39m[0m
[  35% ] [90m[1msavepack[22m | 正在保存文件：res://assets/player/kick.png.import[39m[0m
[  36% ] [90m[1msavepack[22m | 正在保存文件：res://.godot/imported/skid.png-9f168937af3842a295efa0b94f11c867.ctex[39m[0m
[  36% ] [90m[1msavepack[22m | 正在保存文件：res://assets/player/skid.png.import[39m[0m
[  36% ] [90m[1msavepack[22m | 正在保存文件：res://.godot/imported/slide.png-da2b9190af6496e2df8dbe39ad000ef6.ctex[39m[0m
[  36% ] [90m[1msavepack[22m | 正在保存文件：res://assets/player/slide.png.import[39m[0m
[  36% ] [90m[1msavepack[22m | 正在保存文件：res://.godot/imported/stand.png-937e2036da1872df0a1c0acf03cd3ae0.ctex[39m[0m
[  36% ] [90m[1msavepack[22m | 正在保存文件：res://assets/player/stand.png.import[39m[0m
[  36% ] [90m[1msavepack[22m | 正在保存文件：res://.godot/imported/swim1.png-5832700c9d66ecf6849cb38d429643ca.ctex[39m[0m
[  36% ] [90m[1msavepack[22m | 正在保存文件：res://assets/player/swim1.png.import[39m[0m
[  36% ] [90m[1msavepack[22m | 正在保存文件：res://.godot/imported/swim2.png-b10d7bdd25b0c97ef572ab4d83627a2e.ctex[39m[0m
[  36% ] [90m[1msavepack[22m | 正在保存文件：res://assets/player/swim2.png.import[39m[0m
[  36% ] [90m[1msavepack[22m | 正在保存文件：res://.godot/imported/talk.png-b1f688b12a82f272ceed3e8107240956.ctex[39m[0m
[  36% ] [90m[1msavepack[22m | 正在保存文件：res://assets/player/talk.png.import[39m[0m
[  37% ] [90m[1msavepack[22m | 正在保存文件：res://.godot/imported/walk1.png-f148b420a95b25c47b6c48003ee193ba.ctex[39m[0m
[  37% ] [90m[1msavepack[22m | 正在保存文件：res://assets/player/walk1.png.import[39m[0m
[  37% ] [90m[1msavepack[22m | 正在保存文件：res://.godot/imported/walk2.png-1d3c682467d02c5a7abcb2e243df9625.ctex[39m[0m
[  37% ] [90m[1msavepack[22m | 正在保存文件：res://assets/player/walk2.png.import[39m[0m
[  37% ] [90m[1msavepack[22m | 正在保存文件：res://.godot/imported/dirt.png-c07ae77c50462ff17784a1af3fc9f037.ctex[39m[0m
[  37% ] [90m[1msavepack[22m | 正在保存文件：res://assets/tiles/dirt.png.import[39m[0m
[  37% ] [90m[1msavepack[22m | 正在保存文件：res://.godot/imported/grass_top.png-5811241cc01b10368bff6182adc9c8ae.ctex[39m[0m
[  37% ] [90m[1msavepack[22m | 正在保存文件：res://assets/tiles/grass_top.png.import[39m[0m
[  37% ] [90m[1msavepack[22m | 正在保存文件：res://.godot/imported/ground.png-d6f0a9a9787d20c04950cfb8f3cb2e01.ctex[39m[0m
[  37% ] [90m[1msavepack[22m | 正在保存文件：res://assets/tiles/ground.png.import[39m[0m
[  37% ] [90m[1msavepack[22m | 正在保存文件：res://.godot/imported/metal.png-cab484168182ba1910d64bcfcdc9a5b7.ctex[39m[0m
[  37% ] [90m[1msavepack[22m | 正在保存文件：res://assets/tiles/metal.png.import[39m[0m
[  37% ] [90m[1msavepack[22m | 正在保存文件：res://.godot/imported/metal_top.png-672b74d25b7cf49a184318140f8f5e23.ctex[39m[0m
[  37% ] [90m[1msavepack[22m | 正在保存文件：res://assets/tiles/metal_top.png.import[39m[0m
[  38% ] [90m[1msavepack[22m | 正在保存文件：res://.godot/imported/metal_wall.png-4af8b36498e7daed43f92a7d26b83410.ctex[39m[0m
[  38% ] [90m[1msavepack[22m | 正在保存文件：res://assets/tiles/metal_wall.png.import[39m[0m
[  38% ] [90m[1msavepack[22m | 正在保存文件：res://.godot/imported/platform.png-084d9cbdbf9eef1648f2b7c862141de1.ctex[39m[0m
[  38% ] [90m[1msavepack[22m | 正在保存文件：res://assets/tiles/platform.png.import[39m[0m
[  38% ] [90m[1msavepack[22m | 正在保存文件：res://.godot/imported/stone.png-a62a9bfa37f7b92c70831e50c465efad.ctex[39m[0m
[  38% ] [90m[1msavepack[22m | 正在保存文件：res://assets/tiles/stone.png.import[39m[0m
[  38% ] [90m[1msavepack[22m | 正在保存文件：res://.godot/imported/cannon.png-a413eb5eadb359ecc99c2e02fd62e2e2.ctex[39m[0m
[  38% ] [90m[1msavepack[22m | 正在保存文件：res://assets/weapons/cannon.png.import[39m[0m
[  38% ] [90m[1msavepack[22m | 正在保存文件：res://.godot/imported/corrupt_scythe.svg-9bd71d9115907c34f9f6094f3a53eacf.ctex[39m[0m
[  38% ] [90m[1msavepack[22m | 正在保存文件：res://assets/weapons/corrupt_scythe.svg.import[39m[0m
[  38% ] [90m[1msavepack[22m | 正在保存文件：res://.godot/imported/crossbow.svg-22be7eb959b96ddf4a4577005946db98.ctex[39m[0m
[  38% ] [90m[1msavepack[22m | 正在保存文件：res://assets/weapons/crossbow.svg.import[39m[0m
[  39% ] [90m[1msavepack[22m | 正在保存文件：res://.godot/imported/dual_blades.svg-3c63c47bc97f58f85f675790d1d5aa17.ctex[39m[0m
[  39% ] [90m[1msavepack[22m | 正在保存文件：res://assets/weapons/dual_blades.svg.import[39m[0m
[  39% ] [90m[1msavepack[22m | 正在保存文件：res://.godot/imported/hammer.png-d20e28cc8c4794f3748c9860d83d8450.ctex[39m[0m
[  39% ] [90m[1msavepack[22m | 正在保存文件：res://assets/weapons/hammer.png.import[39m[0m
[  39% ] [90m[1msavepack[22m | 正在保存文件：res://.godot/imported/relic_blade.svg-d1a8518ba527876742f03029e28b532b.ctex[39m[0m
[  39% ] [90m[1msavepack[22m | 正在保存文件：res://assets/weapons/relic_blade.svg.import[39m[0m
[  39% ] [90m[1msavepack[22m | 正在保存文件：res://.godot/imported/spear.svg-f80a41e10367bbe45fd9b4878e476ff4.ctex[39m[0m
[  39% ] [90m[1msavepack[22m | 正在保存文件：res://assets/weapons/spear.svg.import[39m[0m
[  39% ] [90m[1msavepack[22m | 正在保存文件：res://.godot/imported/sword.png-129af32814fbb6e5bc2233e933c75793.ctex[39m[0m
[  39% ] [90m[1msavepack[22m | 正在保存文件：res://assets/weapons/sword.png.import[39m[0m
[  39% ] [90m[1msavepack[22m | 正在保存文件：res://.godot/imported/void_blade.svg-e3e7670e8edcfc19e3b70cd6213fc017.ctex[39m[0m
[  39% ] [90m[1msavepack[22m | 正在保存文件：res://assets/weapons/void_blade.svg.import[39m[0m
[  39% ] [90m[1msavepack[22m | 正在保存文件：res://assets/manifest.json[39m[0m
[  40% ] [90m[1msavepack[22m | 正在保存文件：res://.godot/exported/133200997/export-83ab91b9e9b044f82378160816dcd4b5-title.scn[39m[0m
[  40% ] [90m[1msavepack[22m | 正在保存文件：res://scripts/skill_panel.gdc[39m[0m
[  40% ] [90m[1msavepack[22m | 正在保存文件：res://.godot/exported/133200997/export-3070c538c03ee49b7677ff960a3f5195-main.scn[39m[0m
[  40% ] [90m[1msavepack[22m | 正在保存文件：res://.godot/imported/icon.svg-218a8f2b3041327d8a5756f3a245f83b.ctex[39m[0m
[  40% ] [90m[1msavepack[22m | 正在保存文件：res://icon.svg.import[39m[0m
[  40% ] [90m[1msavepack[22m | 正在保存文件：res://.godot/imported/ambience.wav-c736a2becfc1ea33cc11ec16f131a2ae.sample[39m[0m
[  40% ] [90m[1msavepack[22m | 正在保存文件：res://remaster/assets/audio/ambience.wav.import[39m[0m
[  40% ] [90m[1msavepack[22m | 正在保存文件：res://.godot/imported/climb.wav-5bce256affe25e74b72cffc60f17b9b8.sample[39m[0m
[  40% ] [90m[1msavepack[22m | 正在保存文件：res://remaster/assets/audio/climb.wav.import[39m[0m
[  41% ] [90m[1msavepack[22m | 正在保存文件：res://.godot/imported/dash.wav-9e47293822ccf97aa599a0e6e301a9a9.sample[39m[0m
[  41% ] [90m[1msavepack[22m | 正在保存文件：res://remaster/assets/audio/dash.wav.import[39m[0m
[  41% ] [90m[1msavepack[22m | 正在保存文件：res://.godot/imported/empty.wav-2e87f88619b33d6e6d5f2570b889f5ab.sample[39m[0m
[  41% ] [90m[1msavepack[22m | 正在保存文件：res://remaster/assets/audio/empty.wav.import[39m[0m
[  41% ] [90m[1msavepack[22m | 正在保存文件：res://.godot/imported/explosion.wav-3047b6695e0438a3ad2109a3e2c41108.sample[39m[0m
[  41% ] [90m[1msavepack[22m | 正在保存文件：res://remaster/assets/audio/explosion.wav.import[39m[0m
[  41% ] [90m[1msavepack[22m | 正在保存文件：res://.godot/imported/gear.wav-653fe379cbde1b18275870b569a456a3.sample[39m[0m
[  41% ] [90m[1msavepack[22m | 正在保存文件：res://remaster/assets/audio/gear.wav.import[39m[0m
[  41% ] [90m[1msavepack[22m | 正在保存文件：res://.godot/imported/hit.wav-0a2cf1ef08b9d7a3a0bbb5aee32e4373.sample[39m[0m
[  41% ] [90m[1msavepack[22m | 正在保存文件：res://remaster/assets/audio/hit.wav.import[39m[0m
[  41% ] [90m[1msavepack[22m | 正在保存文件：res://.godot/imported/hurt.wav-7c481385d0b57b7db1f07d53828201f1.sample[39m[0m
[  41% ] [90m[1msavepack[22m | 正在保存文件：res://remaster/assets/audio/hurt.wav.import[39m[0m
[  41% ] [90m[1msavepack[22m | 正在保存文件：res://.godot/imported/jump.wav-1ad3383f7f9c557ac2fa8ffa132f3e5b.sample[39m[0m
[  41% ] [90m[1msavepack[22m | 正在保存文件：res://remaster/assets/audio/jump.wav.import[39m[0m
[  42% ] [90m[1msavepack[22m | 正在保存文件：res://.godot/imported/land.wav-3b4a8b953d05749ef6021b04fb5851ac.sample[39m[0m
[  42% ] [90m[1msavepack[22m | 正在保存文件：res://remaster/assets/audio/land.wav.import[39m[0m
[  42% ] [90m[1msavepack[22m | 正在保存文件：res://.godot/imported/lift.wav-f780f1a6846c8124f97589634a98cad6.sample[39m[0m
[  42% ] [90m[1msavepack[22m | 正在保存文件：res://remaster/assets/audio/lift.wav.import[39m[0m
[  42% ] [90m[1msavepack[22m | 正在保存文件：res://.godot/imported/punch.wav-893a2be7e8adc75a459c9f307059d6f1.sample[39m[0m
[  42% ] [90m[1msavepack[22m | 正在保存文件：res://remaster/assets/audio/punch.wav.import[39m[0m
[  42% ] [90m[1msavepack[22m | 正在保存文件：res://.godot/imported/reload.wav-891ebc256960a91c755f02375e9fdae6.sample[39m[0m
[  42% ] [90m[1msavepack[22m | 正在保存文件：res://remaster/assets/audio/reload.wav.import[39m[0m
[  42% ] [90m[1msavepack[22m | 正在保存文件：res://.godot/imported/save.wav-1aebf23c3fbad2e7b5c85386235961dc.sample[39m[0m
[  42% ] [90m[1msavepack[22m | 正在保存文件：res://remaster/assets/audio/save.wav.import[39m[0m
[  42% ] [90m[1msavepack[22m | 正在保存文件：res://.godot/imported/score_boss.wav-09afb42afb6230df05fda34e23fefa0e.sample[39m[0m
[  42% ] [90m[1msavepack[22m | 正在保存文件：res://remaster/assets/audio/score_boss.wav.import[39m[0m
[  42% ] [90m[1msavepack[22m | 正在保存文件：res://.godot/imported/score_castle.wav-f4a9f31fe8624e651316f809c54bcfc6.sample[39m[0m
[  42% ] [90m[1msavepack[22m | 正在保存文件：res://remaster/assets/audio/score_castle.wav.import[39m[0m
[  43% ] [90m[1msavepack[22m | 正在保存文件：res://.godot/imported/score_city.wav-d42151d7188c1fe9d394e79c869aa0d7.sample[39m[0m
[  43% ] [90m[1msavepack[22m | 正在保存文件：res://remaster/assets/audio/score_city.wav.import[39m[0m
[  43% ] [90m[1msavepack[22m | 正在保存文件：res://.godot/imported/score_factory.wav-b7c2d823c323263f94d0552b2f701b46.sample[39m[0m
[  43% ] [90m[1msavepack[22m | 正在保存文件：res://remaster/assets/audio/score_factory.wav.import[39m[0m
[  43% ] [90m[1msavepack[22m | 正在保存文件：res://.godot/imported/score_mine.wav-656e35ede6e700529ce036422f9394bf.sample[39m[0m
[  43% ] [90m[1msavepack[22m | 正在保存文件：res://remaster/assets/audio/score_mine.wav.import[39m[0m
[  43% ] [90m[1msavepack[22m | 正在保存文件：res://.godot/imported/score_temple.wav-4deaafc17049c20b5670da31d2068707.sample[39m[0m
[  43% ] [90m[1msavepack[22m | 正在保存文件：res://remaster/assets/audio/score_temple.wav.import[39m[0m
[  43% ] [90m[1msavepack[22m | 正在保存文件：res://.godot/imported/score_void.wav-8dc0279b7f87f15d11b372864c4e1a8b.sample[39m[0m
[  43% ] [90m[1msavepack[22m | 正在保存文件：res://remaster/assets/audio/score_void.wav.import[39m[0m
[  43% ] [90m[1msavepack[22m | 正在保存文件：res://.godot/imported/score_water.wav-0a79bf82e2800767f78d6717459a252b.sample[39m[0m
[  43% ] [90m[1msavepack[22m | 正在保存文件：res://remaster/assets/audio/score_water.wav.import[39m[0m
[  44% ] [90m[1msavepack[22m | 正在保存文件：res://.godot/imported/shot.wav-0b230e9a90c4fb0fd3a4366e73579d09.sample[39m[0m
[  44% ] [90m[1msavepack[22m | 正在保存文件：res://remaster/assets/audio/shot.wav.import[39m[0m
[  44% ] [90m[1msavepack[22m | 正在保存文件：res://.godot/imported/slash.wav-e51ea68bd9941a92f3e43e7c2901cbba.sample[39m[0m
[  44% ] [90m[1msavepack[22m | 正在保存文件：res://remaster/assets/audio/slash.wav.import[39m[0m
[  44% ] [90m[1msavepack[22m | 正在保存文件：res://.godot/imported/splash.wav-eafa2ef6d16458b0b44d306d1fed4c40.sample[39m[0m
[  44% ] [90m[1msavepack[22m | 正在保存文件：res://remaster/assets/audio/splash.wav.import[39m[0m
[  44% ] [90m[1msavepack[22m | 正在保存文件：res://.godot/imported/step.wav-ea05892c390c01ec35a7fe4ee4f76342.sample[39m[0m
[  44% ] [90m[1msavepack[22m | 正在保存文件：res://remaster/assets/audio/step.wav.import[39m[0m
[  44% ] [90m[1msavepack[22m | 正在保存文件：res://.godot/imported/wall_jump.wav-069bef064d15cfa5a87dc8efcb997b0b.sample[39m[0m
[  44% ] [90m[1msavepack[22m | 正在保存文件：res://remaster/assets/audio/wall_jump.wav.import[39m[0m
[  44% ] [90m[1msavepack[22m | 正在保存文件：res://.godot/imported/warning.wav-97cba64361dfea6485b4e18bc9c9e040.sample[39m[0m
[  44% ] [90m[1msavepack[22m | 正在保存文件：res://remaster/assets/audio/warning.wav.import[39m[0m
[  44% ] [90m[1msavepack[22m | 正在保存文件：res://.godot/imported/amulet.png-c6819372a491ea460c865a7326c97625.ctex[39m[0m
[  44% ] [90m[1msavepack[22m | 正在保存文件：res://remaster/assets/icons/amulet.png.import[39m[0m
[  45% ] [90m[1msavepack[22m | 正在保存文件：res://.godot/imported/armor.png-095be82746a5e59dfe6891e4d3bbe46c.ctex[39m[0m
[  45% ] [90m[1msavepack[22m | 正在保存文件：res://remaster/assets/icons/armor.png.import[39m[0m
[  45% ] [90m[1msavepack[22m | 正在保存文件：res://.godot/imported/blade.png-0d3cacb8446b96cdd9c52681a41f38b3.ctex[39m[0m
[  45% ] [90m[1msavepack[22m | 正在保存文件：res://remaster/assets/icons/blade.png.import[39m[0m
[  45% ] [90m[1msavepack[22m | 正在保存文件：res://.godot/imported/boots.png-95df0f15ab7523c92a54ccdb0d3fa7b6.ctex[39m[0m
[  45% ] [90m[1msavepack[22m | 正在保存文件：res://remaster/assets/icons/boots.png.import[39m[0m
[  45% ] [90m[1msavepack[22m | 正在保存文件：res://.godot/imported/cannon.png-675aa06f99474725c2f96ba83424d2a8.ctex[39m[0m
[  45% ] [90m[1msavepack[22m | 正在保存文件：res://remaster/assets/icons/cannon.png.import[39m[0m
[  45% ] [90m[1msavepack[22m | 正在保存文件：res://.godot/imported/gauntlet.png-660986f3d87879a6e4ab2f628d32dd90.ctex[39m[0m
[  45% ] [90m[1msavepack[22m | 正在保存文件：res://remaster/assets/icons/gauntlet.png.import[39m[0m
[  45% ] [90m[1msavepack[22m | 正在保存文件：res://.godot/imported/hammer.png-7b649d6807e7afc432f6340dce8074b6.ctex[39m[0m
[  45% ] [90m[1msavepack[22m | 正在保存文件：res://remaster/assets/icons/hammer.png.import[39m[0m
[  46% ] [90m[1msavepack[22m | 正在保存文件：res://.godot/imported/helmet.png-8e1f2b85233ba84521c68689ec982255.ctex[39m[0m
[  46% ] [90m[1msavepack[22m | 正在保存文件：res://remaster/assets/icons/helmet.png.import[39m[0m
[  46% ] [90m[1msavepack[22m | 正在保存文件：res://.godot/imported/potion.png-414f0e95fabee9008bd25c2ffc6f3196.ctex[39m[0m
[  46% ] [90m[1msavepack[22m | 正在保存文件：res://remaster/assets/icons/potion.png.import[39m[0m
[  46% ] [90m[1msavepack[22m | 正在保存文件：res://.godot/imported/ring.png-aedf297da6e5eb67a65ba76df47f0739.ctex[39m[0m
[  46% ] [90m[1msavepack[22m | 正在保存文件：res://remaster/assets/icons/ring.png.import[39m[0m
[  46% ] [90m[1msavepack[22m | 正在保存文件：res://.godot/imported/ability_module.glb-3a204d23adec2efea03bc17f5f3db667.scn[39m[0m
[  46% ] [90m[1msavepack[22m | 正在保存文件：res://remaster/assets/models/ability_module.glb.import[39m[0m
[  46% ] [90m[1msavepack[22m | 正在保存文件：res://.godot/imported/ability_module_patina.png-ddb89f6c0a1596859e80e0416e48b80c.ctex[39m[0m
[  46% ] [90m[1msavepack[22m | 正在保存文件：res://remaster/assets/models/ability_module_patina.png.import[39m[0m
[  46% ] [90m[1msavepack[22m | 正在保存文件：res://.godot/imported/ability_module_patina_1.png-b2ca904fe91e1af97bfaa5ff1523a3ba.ctex[39m[0m
[  46% ] [90m[1msavepack[22m | 正在保存文件：res://remaster/assets/models/ability_module_patina_1.png.import[39m[0m
[  46% ] [90m[1msavepack[22m | 正在保存文件：res://.godot/imported/ally_bee.glb-0c8861822975bcc122f6c372d53c6c07.scn[39m[0m
[  46% ] [90m[1msavepack[22m | 正在保存文件：res://remaster/assets/models/ally_bee.glb.import[39m[0m
[  47% ] [90m[1msavepack[22m | 正在保存文件：res://.godot/imported/ally_bee_patina.png-3c24ff17de58e2b864092695bac09532.ctex[39m[0m
[  47% ] [90m[1msavepack[22m | 正在保存文件：res://remaster/assets/models/ally_bee_patina.png.import[39m[0m
[  47% ] [90m[1msavepack[22m | 正在保存文件：res://.godot/imported/ally_bee_patina_1.png-bb14b74c1ec2f3ffcb950f3641f1f9e4.ctex[39m[0m
[  47% ] [90m[1msavepack[22m | 正在保存文件：res://remaster/assets/models/ally_bee_patina_1.png.import[39m[0m
[  47% ] [90m[1msavepack[22m | 正在保存文件：res://.godot/imported/ally_bee_patina_2.png-b2e1df872878d800ba4af34c37ee5fe9.ctex[39m[0m
[  47% ] [90m[1msavepack[22m | 正在保存文件：res://remaster/assets/models/ally_bee_patina_2.png.import[39m[0m
[  47% ] [90m[1msavepack[22m | 正在保存文件：res://.godot/imported/ally_hound.glb-ad18dd594fa1bff8601c14c1553c10e9.scn[39m[0m
[  47% ] [90m[1msavepack[22m | 正在保存文件：res://remaster/assets/models/ally_hound.glb.import[39m[0m
[  47% ] [90m[1msavepack[22m | 正在保存文件：res://.godot/imported/ally_hound_patina.png-a44967600143a54e547ba3bb4b437f5b.ctex[39m[0m
[  47% ] [90m[1msavepack[22m | 正在保存文件：res://remaster/assets/models/ally_hound_patina.png.import[39m[0m
[  47% ] [90m[1msavepack[22m | 正在保存文件：res://.godot/imported/ally_hound_patina_1.png-4e588da0871fec9e283d4302e0b0721c.ctex[39m[0m
[  47% ] [90m[1msavepack[22m | 正在保存文件：res://remaster/assets/models/ally_hound_patina_1.png.import[39m[0m
[  48% ] [90m[1msavepack[22m | 正在保存文件：res://.godot/imported/ally_hound_patina_2.png-6f2fdaa1b83664c7ce65898903c82de5.ctex[39m[0m
[  48% ] [90m[1msavepack[22m | 正在保存文件：res://remaster/assets/models/ally_hound_patina_2.png.import[39m[0m
[  48% ] [90m[1msavepack[22m | 正在保存文件：res://.godot/imported/ally_hound_patina_3.png-eff18e1c74fd55583bc2ff365a076499.ctex[39m[0m
[  48% ] [90m[1msavepack[22m | 正在保存文件：res://remaster/assets/models/ally_hound_patina_3.png.import[39m[0m
[  48% ] [90m[1msavepack[22m | 正在保存文件：res://.godot/imported/ally_mole.glb-c3ffa0c002f3c616c62600ced010e1a1.scn[39m[0m
[  48% ] [90m[1msavepack[22m | 正在保存文件：res://remaster/assets/models/ally_mole.glb.import[39m[0m
[  48% ] [90m[1msavepack[22m | 正在保存文件：res://.godot/imported/ally_mole_patina.png-94e8484c0f1ca562aa97a29c9e5813a2.ctex[39m[0m
[  48% ] [90m[1msavepack[22m | 正在保存文件：res://remaster/assets/models/ally_mole_patina.png.import[39m[0m
[  48% ] [90m[1msavepack[22m | 正在保存文件：res://.godot/imported/ally_mole_patina_1.png-8d8b3e15d4ab484b35f6fa8b022b8eac.ctex[39m[0m
[  48% ] [90m[1msavepack[22m | 正在保存文件：res://remaster/assets/models/ally_mole_patina_1.png.import[39m[0m
[  48% ] [90m[1msavepack[22m | 正在保存文件：res://.godot/imported/ally_mole_patina_2.png-e47b53e34117fbea36f559d5645d4df1.ctex[39m[0m
[  48% ] [90m[1msavepack[22m | 正在保存文件：res://remaster/assets/models/ally_mole_patina_2.png.import[39m[0m
[  48% ] [90m[1msavepack[22m | 正在保存文件：res://.godot/imported/ally_mole_patina_3.png-25463219264927882fdf186c0bed229f.ctex[39m[0m
[  48% ] [90m[1msavepack[22m | 正在保存文件：res://remaster/assets/models/ally_mole_patina_3.png.import[39m[0m
[  49% ] [90m[1msavepack[22m | 正在保存文件：res://.godot/imported/ally_wisp.glb-4f51868cfaa4fe1ccaebd4efad36b150.scn[39m[0m
[  49% ] [90m[1msavepack[22m | 正在保存文件：res://remaster/assets/models/ally_wisp.glb.import[39m[0m
[  49% ] [90m[1msavepack[22m | 正在保存文件：res://.godot/imported/ally_wisp_patina.png-892973d06ebd6784bf9f50cb415148e0.ctex[39m[0m
[  49% ] [90m[1msavepack[22m | 正在保存文件：res://remaster/assets/models/ally_wisp_patina.png.import[39m[0m
[  49% ] [90m[1msavepack[22m | 正在保存文件：res://.godot/imported/ally_wisp_patina_1.png-8557c15b2bc3e2286600da92cb671c3c.ctex[39m[0m
[  49% ] [90m[1msavepack[22m | 正在保存文件：res://remaster/assets/models/ally_wisp_patina_1.png.import[39m[0m
[  49% ] [90m[1msavepack[22m | 正在保存文件：res://.godot/imported/ally_wisp_patina_2.png-65884525e8f99fae4e2270b519db5bac.ctex[39m[0m
[  49% ] [90m[1msavepack[22m | 正在保存文件：res://remaster/assets/models/ally_wisp_patina_2.png.import[39m[0m
[  49% ] [90m[1msavepack[22m | 正在保存文件：res://.godot/imported/amulet.glb-f46a62222146b69b319512e4ab6bbeee.scn[39m[0m
[  49% ] [90m[1msavepack[22m | 正在保存文件：res://remaster/assets/models/amulet.glb.import[39m[0m
[  49% ] [90m[1msavepack[22m | 正在保存文件：res://.godot/imported/amulet_patina.png-343c1b7ed14e398e2430e8e673d0e001.ctex[39m[0m
[  49% ] [90m[1msavepack[22m | 正在保存文件：res://remaster/assets/models/amulet_patina.png.import[39m[0m
[  50% ] [90m[1msavepack[22m | 正在保存文件：res://.godot/imported/arch.glb-9ea0205f2f0cf74afe8ba1ef77958d9f.scn[39m[0m
[  50% ] [90m[1msavepack[22m | 正在保存文件：res://remaster/assets/models/arch.glb.import[39m[0m
[  50% ] [90m[1msavepack[22m | 正在保存文件：res://.godot/imported/arch_patina.png-ecaa898651b2df5c7440d9ef4f9e1d0b.ctex[39m[0m
[  50% ] [90m[1msavepack[22m | 正在保存文件：res://remaster/assets/models/arch_patina.png.import[39m[0m
[  50% ] [90m[1msavepack[22m | 正在保存文件：res://.godot/imported/arch_patina_1.png-3b313a39efe7eef8c882ca7b316749ef.ctex[39m[0m
[  50% ] [90m[1msavepack[22m | 正在保存文件：res://remaster/assets/models/arch_patina_1.png.import[39m[0m
[  50% ] [90m[1msavepack[22m | 正在保存文件：res://.godot/imported/armor.glb-2fa8be48b6952dd8ad5b096a722690ad.scn[39m[0m
[  50% ] [90m[1msavepack[22m | 正在保存文件：res://remaster/assets/models/armor.glb.import[39m[0m
[  50% ] [90m[1msavepack[22m | 正在保存文件：res://.godot/imported/armor_patina.png-9adbcadaeb36a6512c99ab8cb012b0db.ctex[39m[0m
[  50% ] [90m[1msavepack[22m | 正在保存文件：res://remaster/assets/models/armor_patina.png.import[39m[0m
[  50% ] [90m[1msavepack[22m | 正在保存文件：res://.godot/imported/armor_patina_1.png-8666a0344869369bcc9df689db20b86e.ctex[39m[0m
[  50% ] [90m[1msavepack[22m | 正在保存文件：res://remaster/assets/models/armor_patina_1.png.import[39m[0m
[  50% ] [90m[1msavepack[22m | 正在保存文件：res://.godot/imported/banner.glb-cfd1dbc20597dbad3368fa2982a1433d.scn[39m[0m
[  50% ] [90m[1msavepack[22m | 正在保存文件：res://remaster/assets/models/banner.glb.import[39m[0m
[  51% ] [90m[1msavepack[22m | 正在保存文件：res://.godot/imported/banner_patina.png-4940182699e60c808ce28dc5a2449bea.ctex[39m[0m
[  51% ] [90m[1msavepack[22m | 正在保存文件：res://remaster/assets/models/banner_patina.png.import[39m[0m
[  51% ] [90m[1msavepack[22m | 正在保存文件：res://.godot/imported/banner_patina_1.png-78144ed8a3d93040a096420a426c1af3.ctex[39m[0m
[  51% ] [90m[1msavepack[22m | 正在保存文件：res://remaster/assets/models/banner_patina_1.png.import[39m[0m
[  51% ] [90m[1msavepack[22m | 正在保存文件：res://.godot/imported/beacon_tower.glb-fd0acb37ddd0140f80e3cfaa23de3833.scn[39m[0m
[  51% ] [90m[1msavepack[22m | 正在保存文件：res://remaster/assets/models/beacon_tower.glb.import[39m[0m
[  51% ] [90m[1msavepack[22m | 正在保存文件：res://.godot/imported/beacon_tower_patina.png-422ef6640ef7fa2f9eab505fbbb132d4.ctex[39m[0m
[  51% ] [90m[1msavepack[22m | 正在保存文件：res://remaster/assets/models/beacon_tower_patina.png.import[39m[0m
[  51% ] [90m[1msavepack[22m | 正在保存文件：res://.godot/imported/beacon_tower_patina_1.png-32ba161e0e72f5667900cbf4eb29c78d.ctex[39m[0m
[  51% ] [90m[1msavepack[22m | 正在保存文件：res://remaster/assets/models/beacon_tower_patina_1.png.import[39m[0m
[  51% ] [90m[1msavepack[22m | 正在保存文件：res://.godot/imported/beacon_tower_patina_2.png-414d0cf834c58d420304ad49aca5ca1c.ctex[39m[0m
[  51% ] [90m[1msavepack[22m | 正在保存文件：res://remaster/assets/models/beacon_tower_patina_2.png.import[39m[0m
[  51% ] [90m[1msavepack[22m | 正在保存文件：res://.godot/imported/behemoth.glb-08cd210ca049a196146ab18784fd1aae.scn[39m[0m
[  51% ] [90m[1msavepack[22m | 正在保存文件：res://remaster/assets/models/behemoth.glb.import[39m[0m
[  52% ] [90m[1msavepack[22m | 正在保存文件：res://.godot/imported/behemoth_patina.png-619812d24aab5287910ab58ca6a86344.ctex[39m[0m
[  52% ] [90m[1msavepack[22m | 正在保存文件：res://remaster/assets/models/behemoth_patina.png.import[39m[0m
[  52% ] [90m[1msavepack[22m | 正在保存文件：res://.godot/imported/behemoth_patina_1.png-466eb7113a33c608e5c8741862cdb2de.ctex[39m[0m
[  52% ] [90m[1msavepack[22m | 正在保存文件：res://remaster/assets/models/behemoth_patina_1.png.import[39m[0m
[  52% ] [90m[1msavepack[22m | 正在保存文件：res://.godot/imported/behemoth_patina_2.png-5681ea21fa3921350c69b44df8cd9aa5.ctex[39m[0m
[  52% ] [90m[1msavepack[22m | 正在保存文件：res://remaster/assets/models/behemoth_patina_2.png.import[39m[0m
[  52% ] [90m[1msavepack[22m | 正在保存文件：res://.godot/imported/behemoth_patina_3.png-3de84b786c03d5ae7d05be0d037c7536.ctex[39m[0m
[  52% ] [90m[1msavepack[22m | 正在保存文件：res://remaster/assets/models/behemoth_patina_3.png.import[39m[0m
[  52% ] [90m[1msavepack[22m | 正在保存文件：res://.godot/imported/behemoth_patina_4.png-aee07e16f4a8682f2cf4cee043564dae.ctex[39m[0m
[  52% ] [90m[1msavepack[22m | 正在保存文件：res://remaster/assets/models/behemoth_patina_4.png.import[39m[0m
[  52% ] [90m[1msavepack[22m | 正在保存文件：res://.godot/imported/blade.glb-1e8752217f996138f6d4f84196ce052a.scn[39m[0m
[  52% ] [90m[1msavepack[22m | 正在保存文件：res://remaster/assets/models/blade.glb.import[39m[0m
[  53% ] [90m[1msavepack[22m | 正在保存文件：res://.godot/imported/blade_patina.png-1588c2a153273d3e113f161323415ca2.ctex[39m[0m
[  53% ] [90m[1msavepack[22m | 正在保存文件：res://remaster/assets/models/blade_patina.png.import[39m[0m
[  53% ] [90m[1msavepack[22m | 正在保存文件：res://.godot/imported/blade_patina_1.png-daf3adad2d7e2cf55133a218659ab5f1.ctex[39m[0m
[  53% ] [90m[1msavepack[22m | 正在保存文件：res://remaster/assets/models/blade_patina_1.png.import[39m[0m
[  53% ] [90m[1msavepack[22m | 正在保存文件：res://.godot/imported/blade_patina_2.png-930638c73257ca5c88faa5d8ba6bfd38.ctex[39m[0m
[  53% ] [90m[1msavepack[22m | 正在保存文件：res://remaster/assets/models/blade_patina_2.png.import[39m[0m
[  53% ] [90m[1msavepack[22m | 正在保存文件：res://.godot/imported/boots.glb-1c201206b5357442769f063c53ab22aa.scn[39m[0m
[  53% ] [90m[1msavepack[22m | 正在保存文件：res://remaster/assets/models/boots.glb.import[39m[0m
[  53% ] [90m[1msavepack[22m | 正在保存文件：res://.godot/imported/boots_patina.png-419711aa5b3faf09f9d754a020a4c7db.ctex[39m[0m
[  53% ] [90m[1msavepack[22m | 正在保存文件：res://remaster/assets/models/boots_patina.png.import[39m[0m
[  53% ] [90m[1msavepack[22m | 正在保存文件：res://.godot/imported/boots_patina_1.png-db62f1d261117370573aa4ed703a35c9.ctex[39m[0m
[  53% ] [90m[1msavepack[22m | 正在保存文件：res://remaster/assets/models/boots_patina_1.png.import[39m[0m
[  53% ] [90m[1msavepack[22m | 正在保存文件：res://.godot/imported/breakable_seal.glb-b5319c530621945b900941b86ad2d846.scn[39m[0m
[  53% ] [90m[1msavepack[22m | 正在保存文件：res://remaster/assets/models/breakable_seal.glb.import[39m[0m
[  54% ] [90m[1msavepack[22m | 正在保存文件：res://.godot/imported/breakable_seal_patina.png-535c1a473278839acedc89506f1f0e2b.ctex[39m[0m
[  54% ] [90m[1msavepack[22m | 正在保存文件：res://remaster/assets/models/breakable_seal_patina.png.import[39m[0m
[  54% ] [90m[1msavepack[22m | 正在保存文件：res://.godot/imported/breakable_seal_patina_1.png-2bf72d7c3878802714e16b6e028610d0.ctex[39m[0m
[  54% ] [90m[1msavepack[22m | 正在保存文件：res://remaster/assets/models/breakable_seal_patina_1.png.import[39m[0m
[  54% ] [90m[1msavepack[22m | 正在保存文件：res://.godot/imported/buttress.glb-6e28098163ebebda275cf859f8621372.scn[39m[0m
[  54% ] [90m[1msavepack[22m | 正在保存文件：res://remaster/assets/models/buttress.glb.import[39m[0m
[  54% ] [90m[1msavepack[22m | 正在保存文件：res://.godot/imported/buttress_patina.png-ff9a7452c1ece4b63151d2d01cede9ea.ctex[39m[0m
[  54% ] [90m[1msavepack[22m | 正在保存文件：res://remaster/assets/models/buttress_patina.png.import[39m[0m
[  54% ] [90m[1msavepack[22m | 正在保存文件：res://.godot/imported/buttress_patina_1.png-87515382cbcc755d41f484c1b92b40e7.ctex[39m[0m
[  54% ] [90m[1msavepack[22m | 正在保存文件：res://remaster/assets/models/buttress_patina_1.png.import[39m[0m
[  54% ] [90m[1msavepack[22m | 正在保存文件：res://.godot/imported/buttress_patina_2.png-daebabed8005b9f0f53ae614d5c03898.ctex[39m[0m
[  54% ] [90m[1msavepack[22m | 正在保存文件：res://remaster/assets/models/buttress_patina_2.png.import[39m[0m
[  55% ] [90m[1msavepack[22m | 正在保存文件：res://.godot/imported/cannon.glb-7d718054fbe99726fd87c2982407a4c5.scn[39m[0m
[  55% ] [90m[1msavepack[22m | 正在保存文件：res://remaster/assets/models/cannon.glb.import[39m[0m
[  55% ] [90m[1msavepack[22m | 正在保存文件：res://.godot/imported/cannon_patina.png-34e5900d817a516f348d40b49d491c58.ctex[39m[0m
[  55% ] [90m[1msavepack[22m | 正在保存文件：res://remaster/assets/models/cannon_patina.png.import[39m[0m
[  55% ] [90m[1msavepack[22m | 正在保存文件：res://.godot/imported/cannon_patina_1.png-dd9e0ecb10b89eaafcc1fff38673dd69.ctex[39m[0m
[  55% ] [90m[1msavepack[22m | 正在保存文件：res://remaster/assets/models/cannon_patina_1.png.import[39m[0m
[  55% ] [90m[1msavepack[22m | 正在保存文件：res://.godot/imported/cannon_patina_2.png-720cd698caff5a0b134a369819db3d1e.ctex[39m[0m
[  55% ] [90m[1msavepack[22m | 正在保存文件：res://remaster/assets/models/cannon_patina_2.png.import[39m[0m
[  55% ] [90m[1msavepack[22m | 正在保存文件：res://.godot/imported/console.glb-7091565ad996b8e52ba8f983de2e0d8a.scn[39m[0m
[  55% ] [90m[1msavepack[22m | 正在保存文件：res://remaster/assets/models/console.glb.import[39m[0m
[  55% ] [90m[1msavepack[22m | 正在保存文件：res://.godot/imported/console_patina.png-7d704003859d069dfa85733cd9d9e72e.ctex[39m[0m
[  55% ] [90m[1msavepack[22m | 正在保存文件：res://remaster/assets/models/console_patina.png.import[39m[0m
[  55% ] [90m[1msavepack[22m | 正在保存文件：res://.godot/imported/console_patina_1.png-ceb9b227e6ecec72bbac132e0860aa73.ctex[39m[0m
[  55% ] [90m[1msavepack[22m | 正在保存文件：res://remaster/assets/models/console_patina_1.png.import[39m[0m
[  56% ] [90m[1msavepack[22m | 正在保存文件：res://.godot/imported/crocodile.glb-4428fdc623c3618b8fd31eefbfcb90f5.scn[39m[0m
[  56% ] [90m[1msavepack[22m | 正在保存文件：res://remaster/assets/models/crocodile.glb.import[39m[0m
[  56% ] [90m[1msavepack[22m | 正在保存文件：res://.godot/imported/crocodile_patina.png-4e23242cd15e734068934b18e4e92fdf.ctex[39m[0m
[  56% ] [90m[1msavepack[22m | 正在保存文件：res://remaster/assets/models/crocodile_patina.png.import[39m[0m
[  56% ] [90m[1msavepack[22m | 正在保存文件：res://.godot/imported/crocodile_patina_1.png-b82c1c51aa183e83b513e27d62e111d4.ctex[39m[0m
[  56% ] [90m[1msavepack[22m | 正在保存文件：res://remaster/assets/models/crocodile_patina_1.png.import[39m[0m
[  56% ] [90m[1msavepack[22m | 正在保存文件：res://.godot/imported/crocodile_patina_2.png-0fb4b5aae6c4bff2a406bd8d9ae2cdb8.ctex[39m[0m
[  56% ] [90m[1msavepack[22m | 正在保存文件：res://remaster/assets/models/crocodile_patina_2.png.import[39m[0m
[  56% ] [90m[1msavepack[22m | 正在保存文件：res://.godot/imported/crocodile_patina_3.png-340489b4d473356484f7c8f161050fd7.ctex[39m[0m
[  56% ] [90m[1msavepack[22m | 正在保存文件：res://remaster/assets/models/crocodile_patina_3.png.import[39m[0m
[  56% ] [90m[1msavepack[22m | 正在保存文件：res://.godot/imported/crossbow.glb-5da7e01ab4f0c6960b9ff25002153deb.scn[39m[0m
[  56% ] [90m[1msavepack[22m | 正在保存文件：res://remaster/assets/models/crossbow.glb.import[39m[0m
[  57% ] [90m[1msavepack[22m | 正在保存文件：res://.godot/imported/crossbow_patina.png-8650766ab1de85f564053b95837e74e0.ctex[39m[0m
[  57% ] [90m[1msavepack[22m | 正在保存文件：res://remaster/assets/models/crossbow_patina.png.import[39m[0m
[  57% ] [90m[1msavepack[22m | 正在保存文件：res://.godot/imported/crossbow_patina_1.png-48c0d1a3569aa53d63954ab4e4544985.ctex[39m[0m
[  57% ] [90m[1msavepack[22m | 正在保存文件：res://remaster/assets/models/crossbow_patina_1.png.import[39m[0m
[  57% ] [90m[1msavepack[22m | 正在保存文件：res://.godot/imported/crossbow_patina_2.png-0ce074f8e3a8435e79e4f0a5b4147b6e.ctex[39m[0m
[  57% ] [90m[1msavepack[22m | 正在保存文件：res://remaster/assets/models/crossbow_patina_2.png.import[39m[0m
[  57% ] [90m[1msavepack[22m | 正在保存文件：res://.godot/imported/crystals.glb-01c280b9f03cc123adf0d79cfc2d3315.scn[39m[0m
[  57% ] [90m[1msavepack[22m | 正在保存文件：res://remaster/assets/models/crystals.glb.import[39m[0m
[  57% ] [90m[1msavepack[22m | 正在保存文件：res://.godot/imported/culvert.glb-2fd8cc5dcd03c2efb899d856c3581755.scn[39m[0m
[  57% ] [90m[1msavepack[22m | 正在保存文件：res://remaster/assets/models/culvert.glb.import[39m[0m
[  57% ] [90m[1msavepack[22m | 正在保存文件：res://.godot/imported/culvert_patina.png-8cbb09acd3005ccde508e39f1cd1c9ef.ctex[39m[0m
[  57% ] [90m[1msavepack[22m | 正在保存文件：res://remaster/assets/models/culvert_patina.png.import[39m[0m
[  57% ] [90m[1msavepack[22m | 正在保存文件：res://.godot/imported/dragon.glb-a74cc40502cfb5269b2652cb62629584.scn[39m[0m
[  57% ] [90m[1msavepack[22m | 正在保存文件：res://remaster/assets/models/dragon.glb.import[39m[0m
[  58% ] [90m[1msavepack[22m | 正在保存文件：res://.godot/imported/dragon_patina.png-222febe65b574df4d3a33f3b127e81c0.ctex[39m[0m
[  58% ] [90m[1msavepack[22m | 正在保存文件：res://remaster/assets/models/dragon_patina.png.import[39m[0m
[  58% ] [90m[1msavepack[22m | 正在保存文件：res://.godot/imported/dragon_patina_1.png-5e0d95ab59cb44ff947ee7b9b65cd5e5.ctex[39m[0m
[  58% ] [90m[1msavepack[22m | 正在保存文件：res://remaster/assets/models/dragon_patina_1.png.import[39m[0m
[  58% ] [90m[1msavepack[22m | 正在保存文件：res://.godot/imported/dragon_patina_2.png-f257bb6a0e804a84ca2cbc932f549826.ctex[39m[0m
[  58% ] [90m[1msavepack[22m | 正在保存文件：res://remaster/assets/models/dragon_patina_2.png.import[39m[0m
[  58% ] [90m[1msavepack[22m | 正在保存文件：res://.godot/imported/dragon_patina_3.png-f62542f1d1b218c94955d180514d3231.ctex[39m[0m
[  58% ] [90m[1msavepack[22m | 正在保存文件：res://remaster/assets/models/dragon_patina_3.png.import[39m[0m
[  58% ] [90m[1msavepack[22m | 正在保存文件：res://.godot/imported/drone.glb-917b8b32850e89422d248b53296d79bb.scn[39m[0m
[  58% ] [90m[1msavepack[22m | 正在保存文件：res://remaster/assets/models/drone.glb.import[39m[0m
[  58% ] [90m[1msavepack[22m | 正在保存文件：res://.godot/imported/drone_patina.png-ddf1ebec9d06e4acc377a92677f32114.ctex[39m[0m
[  58% ] [90m[1msavepack[22m | 正在保存文件：res://remaster/assets/models/drone_patina.png.import[39m[0m
[  58% ] [90m[1msavepack[22m | 正在保存文件：res://.godot/imported/drone_patina_1.png-8d55878de277b2cceca543fc39dcf596.ctex[39m[0m
[  58% ] [90m[1msavepack[22m | 正在保存文件：res://remaster/assets/models/drone_patina_1.png.import[39m[0m
[  59% ] [90m[1msavepack[22m | 正在保存文件：res://.godot/imported/drone_patina_2.png-54246284d051ab9176a9a0dbf9176892.ctex[39m[0m
[  59% ] [90m[1msavepack[22m | 正在保存文件：res://remaster/assets/models/drone_patina_2.png.import[39m[0m
[  59% ] [90m[1msavepack[22m | 正在保存文件：res://.godot/imported/drone_patina_3.png-2a87cd25a7fa65130c06a361c86091b2.ctex[39m[0m
[  59% ] [90m[1msavepack[22m | 正在保存文件：res://remaster/assets/models/drone_patina_3.png.import[39m[0m
[  59% ] [90m[1msavepack[22m | 正在保存文件：res://.godot/imported/dual.glb-2466432c7908d233e7036fe4ecbc2c95.scn[39m[0m
[  59% ] [90m[1msavepack[22m | 正在保存文件：res://remaster/assets/models/dual.glb.import[39m[0m
[  59% ] [90m[1msavepack[22m | 正在保存文件：res://.godot/imported/dual_patina.png-33d1d9ac2fbb9907647d94f38d39979a.ctex[39m[0m
[  59% ] [90m[1msavepack[22m | 正在保存文件：res://remaster/assets/models/dual_patina.png.import[39m[0m
[  59% ] [90m[1msavepack[22m | 正在保存文件：res://.godot/imported/dual_patina_1.png-2311a128684b7ecf6614ce2d7f2006e2.ctex[39m[0m
[  59% ] [90m[1msavepack[22m | 正在保存文件：res://remaster/assets/models/dual_patina_1.png.import[39m[0m
[  59% ] [90m[1msavepack[22m | 正在保存文件：res://.godot/imported/dual_patina_2.png-6c8051d319ea68eecfe83673304d38c4.ctex[39m[0m
[  59% ] [90m[1msavepack[22m | 正在保存文件：res://remaster/assets/models/dual_patina_2.png.import[39m[0m
[  60% ] [90m[1msavepack[22m | 正在保存文件：res://.godot/imported/evolution_mechanical.glb-6de5128e7a1c4ea0bfa42fbbeea7c546.scn[39m[0m
[  60% ] [90m[1msavepack[22m | 正在保存文件：res://remaster/assets/models/evolution_mechanical.glb.import[39m[0m
[  60% ] [90m[1msavepack[22m | 正在保存文件：res://.godot/imported/evolution_mechanical_patina.png-5b06dd02e5400e9cf725f1fde51c548e.ctex[39m[0m
[  60% ] [90m[1msavepack[22m | 正在保存文件：res://remaster/assets/models/evolution_mechanical_patina.png.import[39m[0m
[  60% ] [90m[1msavepack[22m | 正在保存文件：res://.godot/imported/evolution_mechanical_patina_1.png-5c646144777604403a671e97e4b0592f.ctex[39m[0m
[  60% ] [90m[1msavepack[22m | 正在保存文件：res://remaster/assets/models/evolution_mechanical_patina_1.png.import[39m[0m
[  60% ] [90m[1msavepack[22m | 正在保存文件：res://.godot/imported/evolution_mechanical_patina_2.png-bc24243866d49cf438362c6be9222389.ctex[39m[0m
[  60% ] [90m[1msavepack[22m | 正在保存文件：res://remaster/assets/models/evolution_mechanical_patina_2.png.import[39m[0m
[  60% ] [90m[1msavepack[22m | 正在保存文件：res://.godot/imported/evolution_shadow.glb-c9f9dabb822e752fc664c6e3e3615bcb.scn[39m[0m
[  60% ] [90m[1msavepack[22m | 正在保存文件：res://remaster/assets/models/evolution_shadow.glb.import[39m[0m
[  60% ] [90m[1msavepack[22m | 正在保存文件：res://.godot/imported/evolution_shadow_patina.png-85d35a44a8e9b4aa00962ce3684c180f.ctex[39m[0m
[  60% ] [90m[1msavepack[22m | 正在保存文件：res://remaster/assets/models/evolution_shadow_patina.png.import[39m[0m
[  60% ] [90m[1msavepack[22m | 正在保存文件：res://.godot/imported/gantry.glb-98fcfa8177edaf8a09b80f7f807aaa1b.scn[39m[0m
[  60% ] [90m[1msavepack[22m | 正在保存文件：res://remaster/assets/models/gantry.glb.import[39m[0m
[  61% ] [90m[1msavepack[22m | 正在保存文件：res://.godot/imported/gantry_patina.png-9bd26d7659e0f1911d06d64590a737f1.ctex[39m[0m
[  61% ] [90m[1msavepack[22m | 正在保存文件：res://remaster/assets/models/gantry_patina.png.import[39m[0m
[  61% ] [90m[1msavepack[22m | 正在保存文件：res://.godot/imported/gantry_patina_1.png-7dc0d0c4b7fde07c8db75f2824f9c05f.ctex[39m[0m
[  61% ] [90m[1msavepack[22m | 正在保存文件：res://remaster/assets/models/gantry_patina_1.png.import[39m[0m
[  61% ] [90m[1msavepack[22m | 正在保存文件：res://.godot/imported/gantry_patina_2.png-2a28f30e3a24cdf8163f46623d082bcf.ctex[39m[0m
[  61% ] [90m[1msavepack[22m | 正在保存文件：res://remaster/assets/models/gantry_patina_2.png.import[39m[0m
[  61% ] [90m[1msavepack[22m | 正在保存文件：res://.godot/imported/garden_planter.glb-6eb89388982139c3afeea8d90e0e22fb.scn[39m[0m
[  61% ] [90m[1msavepack[22m | 正在保存文件：res://remaster/assets/models/garden_planter.glb.import[39m[0m
[  61% ] [90m[1msavepack[22m | 正在保存文件：res://.godot/imported/garden_planter_patina.png-bdd3d419f13b94bb5c0edf373a0e4a62.ctex[39m[0m
[  61% ] [90m[1msavepack[22m | 正在保存文件：res://remaster/assets/models/garden_planter_patina.png.import[39m[0m
[  61% ] [90m[1msavepack[22m | 正在保存文件：res://.godot/imported/garden_planter_patina_1.png-6061933a1cb62fb1e479f3361f9e6e6c.ctex[39m[0m
[  61% ] [90m[1msavepack[22m | 正在保存文件：res://remaster/assets/models/garden_planter_patina_1.png.import[39m[0m
[  62% ] [90m[1msavepack[22m | 正在保存文件：res://.godot/imported/gauntlet.glb-66fd77a9e896746b3b7d6a7df39d930c.scn[39m[0m
[  62% ] [90m[1msavepack[22m | 正在保存文件：res://remaster/assets/models/gauntlet.glb.import[39m[0m
[  62% ] [90m[1msavepack[22m | 正在保存文件：res://.godot/imported/gauntlet_patina.png-d7ce9b80e0327e612621841c24b43af8.ctex[39m[0m
[  62% ] [90m[1msavepack[22m | 正在保存文件：res://remaster/assets/models/gauntlet_patina.png.import[39m[0m
[  62% ] [90m[1msavepack[22m | 正在保存文件：res://.godot/imported/gauntlet_patina_1.png-8f33e9e5e92f1d93dfb1e618893c4e69.ctex[39m[0m
[  62% ] [90m[1msavepack[22m | 正在保存文件：res://remaster/assets/models/gauntlet_patina_1.png.import[39m[0m
[  62% ] [90m[1msavepack[22m | 正在保存文件：res://.godot/imported/gear.glb-e8c705a9690ede6b198d5d6386b94cd4.scn[39m[0m
[  62% ] [90m[1msavepack[22m | 正在保存文件：res://remaster/assets/models/gear.glb.import[39m[0m
[  62% ] [90m[1msavepack[22m | 正在保存文件：res://.godot/imported/gear_patina.png-bd73921f4c13ca2cc117586576de1441.ctex[39m[0m
[  62% ] [90m[1msavepack[22m | 正在保存文件：res://remaster/assets/models/gear_patina.png.import[39m[0m
[  62% ] [90m[1msavepack[22m | 正在保存文件：res://.godot/imported/gear_patina_1.png-4997e4383f1a3755d70aa8f7c46b260d.ctex[39m[0m
[  62% ] [90m[1msavepack[22m | 正在保存文件：res://remaster/assets/models/gear_patina_1.png.import[39m[0m
[  62% ] [90m[1msavepack[22m | 正在保存文件：res://.godot/imported/gear_patina_2.png-50c458bc5405f28800d8ba2bb4b732fb.ctex[39m[0m
[  62% ] [90m[1msavepack[22m | 正在保存文件：res://remaster/assets/models/gear_patina_2.png.import[39m[0m
[  63% ] [90m[1msavepack[22m | 正在保存文件：res://.godot/imported/gothic_arch.glb-17d5ce6661e83cd5c5e2789a98075714.scn[39m[0m
[  63% ] [90m[1msavepack[22m | 正在保存文件：res://remaster/assets/models/gothic_arch.glb.import[39m[0m
[  63% ] [90m[1msavepack[22m | 正在保存文件：res://.godot/imported/gothic_arch_patina.png-e57e870d7a35674a194f915c5616b7c4.ctex[39m[0m
[  63% ] [90m[1msavepack[22m | 正在保存文件：res://remaster/assets/models/gothic_arch_patina.png.import[39m[0m
[  63% ] [90m[1msavepack[22m | 正在保存文件：res://.godot/imported/gothic_arch_patina_1.png-66811b63bb6e65cc5560ea2e3b1fb417.ctex[39m[0m
[  63% ] [90m[1msavepack[22m | 正在保存文件：res://remaster/assets/models/gothic_arch_patina_1.png.import[39m[0m
[  63% ] [90m[1msavepack[22m | 正在保存文件：res://.godot/imported/guardian.glb-65a9024ee7f5a483394c1c236b7900c1.scn[39m[0m
[  63% ] [90m[1msavepack[22m | 正在保存文件：res://remaster/assets/models/guardian.glb.import[39m[0m
[  63% ] [90m[1msavepack[22m | 正在保存文件：res://.godot/imported/guardian_patina.png-e3907e69f791e84b2829d14f7209e435.ctex[39m[0m
[  63% ] [90m[1msavepack[22m | 正在保存文件：res://remaster/assets/models/guardian_patina.png.import[39m[0m
[  63% ] [90m[1msavepack[22m | 正在保存文件：res://.godot/imported/guardian_patina_1.png-7cb97bb939510a97b11cbe52ee4cba13.ctex[39m[0m
[  63% ] [90m[1msavepack[22m | 正在保存文件：res://remaster/assets/models/guardian_patina_1.png.import[39m[0m
[  64% ] [90m[1msavepack[22m | 正在保存文件：res://.godot/imported/guardian_patina_2.png-647ffeb42f9ff1365345e8059ea1cb23.ctex[39m[0m
[  64% ] [90m[1msavepack[22m | 正在保存文件：res://remaster/assets/models/guardian_patina_2.png.import[39m[0m
[  64% ] [90m[1msavepack[22m | 正在保存文件：res://.godot/imported/guardian_patina_3.png-00abff810ab0de2080ae0146d9990f18.ctex[39m[0m
[  64% ] [90m[1msavepack[22m | 正在保存文件：res://remaster/assets/models/guardian_patina_3.png.import[39m[0m
[  64% ] [90m[1msavepack[22m | 正在保存文件：res://.godot/imported/gunner.glb-97e77aa937f480ffdfbff873609a82ff.scn[39m[0m
[  64% ] [90m[1msavepack[22m | 正在保存文件：res://remaster/assets/models/gunner.glb.import[39m[0m
[  64% ] [90m[1msavepack[22m | 正在保存文件：res://.godot/imported/gunner_patina.png-4de7a4a1e72f5a90574ad81ea3b2566b.ctex[39m[0m
[  64% ] [90m[1msavepack[22m | 正在保存文件：res://remaster/assets/models/gunner_patina.png.import[39m[0m
[  64% ] [90m[1msavepack[22m | 正在保存文件：res://.godot/imported/gunner_patina_1.png-4486aaec894bf8fbfd328ccf24435d91.ctex[39m[0m
[  64% ] [90m[1msavepack[22m | 正在保存文件：res://remaster/assets/models/gunner_patina_1.png.import[39m[0m
[  64% ] [90m[1msavepack[22m | 正在保存文件：res://.godot/imported/gunner_patina_2.png-3a7c3b41e9074f147c4a9931280ca28b.ctex[39m[0m
[  64% ] [90m[1msavepack[22m | 正在保存文件：res://remaster/assets/models/gunner_patina_2.png.import[39m[0m
[  64% ] [90m[1msavepack[22m | 正在保存文件：res://.godot/imported/gunner_patina_3.png-b854f6b7340e700e205de082dcba3949.ctex[39m[0m
[  64% ] [90m[1msavepack[22m | 正在保存文件：res://remaster/assets/models/gunner_patina_3.png.import[39m[0m
[  65% ] [90m[1msavepack[22m | 正在保存文件：res://.godot/imported/gunner_patina_4.png-01252e54566f3d3baff5cceb9ad9e3c3.ctex[39m[0m
[  65% ] [90m[1msavepack[22m | 正在保存文件：res://remaster/assets/models/gunner_patina_4.png.import[39m[0m
[  65% ] [90m[1msavepack[22m | 正在保存文件：res://.godot/imported/hammer.glb-37d69f5fb56831cec37ffb2678f68aaa.scn[39m[0m
[  65% ] [90m[1msavepack[22m | 正在保存文件：res://remaster/assets/models/hammer.glb.import[39m[0m
[  65% ] [90m[1msavepack[22m | 正在保存文件：res://.godot/imported/hammer_patina.png-2ed6508a79f597f2dbb8e29d3a453a05.ctex[39m[0m
[  65% ] [90m[1msavepack[22m | 正在保存文件：res://remaster/assets/models/hammer_patina.png.import[39m[0m
[  65% ] [90m[1msavepack[22m | 正在保存文件：res://.godot/imported/hammer_patina_1.png-f33584d757136ae58c7d2ebb7cd5d2e8.ctex[39m[0m
[  65% ] [90m[1msavepack[22m | 正在保存文件：res://remaster/assets/models/hammer_patina_1.png.import[39m[0m
[  65% ] [90m[1msavepack[22m | 正在保存文件：res://.godot/imported/helmet.glb-bfc37fbef7b1343d8c715a7c5f75ab83.scn[39m[0m
[  65% ] [90m[1msavepack[22m | 正在保存文件：res://remaster/assets/models/helmet.glb.import[39m[0m
[  65% ] [90m[1msavepack[22m | 正在保存文件：res://.godot/imported/helmet_patina.png-d81e48127ab85a440fc97e7953b35c90.ctex[39m[0m
[  65% ] [90m[1msavepack[22m | 正在保存文件：res://remaster/assets/models/helmet_patina.png.import[39m[0m
[  66% ] [90m[1msavepack[22m | 正在保存文件：res://.godot/imported/hero.glb-a79ce276fac33fc306c6d6db3b239ac3.scn[39m[0m
[  66% ] [90m[1msavepack[22m | 正在保存文件：res://remaster/assets/models/hero.glb.import[39m[0m
[  66% ] [90m[1msavepack[22m | 正在保存文件：res://.godot/imported/hero_patina.png-ad4cb02f3f8e09ff6424ef37451549e8.ctex[39m[0m
[  66% ] [90m[1msavepack[22m | 正在保存文件：res://remaster/assets/models/hero_patina.png.import[39m[0m
[  66% ] [90m[1msavepack[22m | 正在保存文件：res://.godot/imported/hero_patina_1.png-5db51e236fc3326bd751c5db0c376963.ctex[39m[0m
[  66% ] [90m[1msavepack[22m | 正在保存文件：res://remaster/assets/models/hero_patina_1.png.import[39m[0m
[  66% ] [90m[1msavepack[22m | 正在保存文件：res://.godot/imported/hero_patina_2.png-b6f8f3a499053f3e73ba57659b3695a4.ctex[39m[0m
[  66% ] [90m[1msavepack[22m | 正在保存文件：res://remaster/assets/models/hero_patina_2.png.import[39m[0m
[  66% ] [90m[1msavepack[22m | 正在保存文件：res://.godot/imported/hero_patina_3.png-47fe2f3ff854d2a9ed96997c612f8918.ctex[39m[0m
[  66% ] [90m[1msavepack[22m | 正在保存文件：res://remaster/assets/models/hero_patina_3.png.import[39m[0m
[  66% ] [90m[1msavepack[22m | 正在保存文件：res://.godot/imported/king.glb-edd9fde94aa0fa0308d3f127008ecbe0.scn[39m[0m
[  66% ] [90m[1msavepack[22m | 正在保存文件：res://remaster/assets/models/king.glb.import[39m[0m
[  66% ] [90m[1msavepack[22m | 正在保存文件：res://.godot/imported/king_patina.png-5dd3fb62d5a68f3f2108b78015383fef.ctex[39m[0m
[  66% ] [90m[1msavepack[22m | 正在保存文件：res://remaster/assets/models/king_patina.png.import[39m[0m
[  66% ] [90m[1msavepack[22m | 正在保存文件：res://.godot/imported/king_patina_1.png-8bcce5a82c432e8fdb17f185a3ac14ad.ctex[39m[0m
[  66% ] [90m[1msavepack[22m | 正在保存文件：res://remaster/assets/models/king_patina_1.png.import[39m[0m
[  66% ] [90m[1msavepack[22m | 正在保存文件：res://.godot/imported/king_patina_2.png-74fd4b164d3a71d7da983f014396c410.ctex[39m[0m
[  66% ] [90m[1msavepack[22m | 正在保存文件：res://remaster/assets/models/king_patina_2.png.import[39m[0m
[  66% ] [90m[1msavepack[22m | 正在保存文件：res://.godot/imported/king_patina_3.png-a84c47fd3d28baec1590ddddc7baec32.ctex[39m[0m
[  66% ] [90m[1msavepack[22m | 正在保存文件：res://remaster/assets/models/king_patina_3.png.import[39m[0m
[  66% ] [90m[1msavepack[22m | 正在保存文件：res://.godot/imported/knight.glb-c56ce117c2da752762986fe929d142a1.scn[39m[0m
[  66% ] [90m[1msavepack[22m | 正在保存文件：res://remaster/assets/models/knight.glb.import[39m[0m
[  66% ] [90m[1msavepack[22m | 正在保存文件：res://.godot/imported/knight_patina.png-2859e2692f5ed477c9c7fc0b97470d30.ctex[39m[0m
[  66% ] [90m[1msavepack[22m | 正在保存文件：res://remaster/assets/models/knight_patina.png.import[39m[0m
[  66% ] [90m[1msavepack[22m | 正在保存文件：res://.godot/imported/knight_patina_1.png-59ff23987d5a2a434a903e46ef127307.ctex[39m[0m
[  66% ] [90m[1msavepack[22m | 正在保存文件：res://remaster/assets/models/knight_patina_1.png.import[39m[0m
[  66% ] [90m[1msavepack[22m | 正在保存文件：res://.godot/imported/knight_patina_2.png-ff1ee25c7f96f91dcb96d528b97afa48.ctex[39m[0m
[  66% ] [90m[1msavepack[22m | 正在保存文件：res://remaster/assets/models/knight_patina_2.png.import[39m[0m
[  67% ] [90m[1msavepack[22m | 正在保存文件：res://.godot/imported/knight_patina_3.png-01f13b8190118889bb8823f6f9709b77.ctex[39m[0m
[  67% ] [90m[1msavepack[22m | 正在保存文件：res://remaster/assets/models/knight_patina_3.png.import[39m[0m
[  67% ] [90m[1msavepack[22m | 正在保存文件：res://.godot/imported/ladder.glb-18ae0419576c2b59e91cf923d76f65fa.scn[39m[0m
[  67% ] [90m[1msavepack[22m | 正在保存文件：res://remaster/assets/models/ladder.glb.import[39m[0m
[  67% ] [90m[1msavepack[22m | 正在保存文件：res://.godot/imported/ladder_patina.png-efc1b523ed2de683a1f12d0ec284b905.ctex[39m[0m
[  67% ] [90m[1msavepack[22m | 正在保存文件：res://remaster/assets/models/ladder_patina.png.import[39m[0m
[  67% ] [90m[1msavepack[22m | 正在保存文件：res://.godot/imported/ladder_patina_1.png-c0c5ab8b139142fce28d2196a7025fbf.ctex[39m[0m
[  67% ] [90m[1msavepack[22m | 正在保存文件：res://remaster/assets/models/ladder_patina_1.png.import[39m[0m
[  67% ] [90m[1msavepack[22m | 正在保存文件：res://.godot/imported/lamp.glb-9dfb16e15785a098f2b7a183142a79f2.scn[39m[0m
[  67% ] [90m[1msavepack[22m | 正在保存文件：res://remaster/assets/models/lamp.glb.import[39m[0m
[  67% ] [90m[1msavepack[22m | 正在保存文件：res://.godot/imported/lamp_patina.png-2faff42620e2e9603a4ac41401a9f132.ctex[39m[0m
[  67% ] [90m[1msavepack[22m | 正在保存文件：res://remaster/assets/models/lamp_patina.png.import[39m[0m
[  68% ] [90m[1msavepack[22m | 正在保存文件：res://.godot/imported/lamp_patina_1.png-edfd1a0d1afc8e8e05e0fd43bb703d5b.ctex[39m[0m
[  68% ] [90m[1msavepack[22m | 正在保存文件：res://remaster/assets/models/lamp_patina_1.png.import[39m[0m
[  68% ] [90m[1msavepack[22m | 正在保存文件：res://.godot/imported/life_shard.glb-acd1d5fa7a4c31d84a384ff0cb030e57.scn[39m[0m
[  68% ] [90m[1msavepack[22m | 正在保存文件：res://remaster/assets/models/life_shard.glb.import[39m[0m
[  68% ] [90m[1msavepack[22m | 正在保存文件：res://.godot/imported/life_shard_patina.png-2014d30da930c2388483b3a97df37594.ctex[39m[0m
[  68% ] [90m[1msavepack[22m | 正在保存文件：res://remaster/assets/models/life_shard_patina.png.import[39m[0m
[  68% ] [90m[1msavepack[22m | 正在保存文件：res://.godot/imported/lift.glb-bde603648f62371904bc52884179da5a.scn[39m[0m
[  68% ] [90m[1msavepack[22m | 正在保存文件：res://remaster/assets/models/lift.glb.import[39m[0m
[  68% ] [90m[1msavepack[22m | 正在保存文件：res://.godot/imported/lift_patina.png-10e10fdd13837557f6b8ae0f8a0053a4.ctex[39m[0m
[  68% ] [90m[1msavepack[22m | 正在保存文件：res://remaster/assets/models/lift_patina.png.import[39m[0m
[  68% ] [90m[1msavepack[22m | 正在保存文件：res://.godot/imported/lift_patina_1.png-844058d0d3f1382eecb29ad71a19c027.ctex[39m[0m
[  68% ] [90m[1msavepack[22m | 正在保存文件：res://remaster/assets/models/lift_patina_1.png.import[39m[0m
[  68% ] [90m[1msavepack[22m | 正在保存文件：res://.godot/imported/lift_patina_2.png-96cdcc96052620f9ac938c4a437577c1.ctex[39m[0m
[  68% ] [90m[1msavepack[22m | 正在保存文件：res://remaster/assets/models/lift_patina_2.png.import[39m[0m
[  69% ] [90m[1msavepack[22m | 正在保存文件：res://.godot/imported/loot_chest.glb-84dfaa3c003f7d5619e18346bdae8208.scn[39m[0m
[  69% ] [90m[1msavepack[22m | 正在保存文件：res://remaster/assets/models/loot_chest.glb.import[39m[0m
[  69% ] [90m[1msavepack[22m | 正在保存文件：res://.godot/imported/loot_chest_patina.png-912f627c26daf48399f8e0e7ebf32a0a.ctex[39m[0m
[  69% ] [90m[1msavepack[22m | 正在保存文件：res://remaster/assets/models/loot_chest_patina.png.import[39m[0m
[  69% ] [90m[1msavepack[22m | 正在保存文件：res://.godot/imported/loot_chest_patina_1.png-48adc1142b620cc2c15d7845fc5fb09d.ctex[39m[0m
[  69% ] [90m[1msavepack[22m | 正在保存文件：res://remaster/assets/models/loot_chest_patina_1.png.import[39m[0m
[  69% ] [90m[1msavepack[22m | 正在保存文件：res://.godot/imported/loot_chest_patina_2.png-94b10f5877d8e777903673784dcfc90e.ctex[39m[0m
[  69% ] [90m[1msavepack[22m | 正在保存文件：res://remaster/assets/models/loot_chest_patina_2.png.import[39m[0m
[  69% ] [90m[1msavepack[22m | 正在保存文件：res://.godot/imported/memory_core.glb-3e7661563b97ba06b3aa696feb7d2ed9.scn[39m[0m
[  69% ] [90m[1msavepack[22m | 正在保存文件：res://remaster/assets/models/memory_core.glb.import[39m[0m
[  69% ] [90m[1msavepack[22m | 正在保存文件：res://.godot/imported/memory_core_patina.png-2da607eb28ec72db0202f439749db769.ctex[39m[0m
[  69% ] [90m[1msavepack[22m | 正在保存文件：res://remaster/assets/models/memory_core_patina.png.import[39m[0m
[  70% ] [90m[1msavepack[22m | 正在保存文件：res://.godot/imported/memory_core_patina_1.png-b3e309d4679eab4e378acbdb4ec55722.ctex[39m[0m
[  70% ] [90m[1msavepack[22m | 正在保存文件：res://remaster/assets/models/memory_core_patina_1.png.import[39m[0m
[  70% ] [90m[1msavepack[22m | 正在保存文件：res://.godot/imported/merchant.glb-c55bc8c5647d98b33642fe6146920c33.scn[39m[0m
[  70% ] [90m[1msavepack[22m | 正在保存文件：res://remaster/assets/models/merchant.glb.import[39m[0m
[  70% ] [90m[1msavepack[22m | 正在保存文件：res://.godot/imported/merchant_patina.png-8e008dacb88d867f3e565d097a8e3d9f.ctex[39m[0m
[  70% ] [90m[1msavepack[22m | 正在保存文件：res://remaster/assets/models/merchant_patina.png.import[39m[0m
[  70% ] [90m[1msavepack[22m | 正在保存文件：res://.godot/imported/merchant_patina_1.png-6895399277a3f096f0235b6e4ecbff1d.ctex[39m[0m
[  70% ] [90m[1msavepack[22m | 正在保存文件：res://remaster/assets/models/merchant_patina_1.png.import[39m[0m
[  70% ] [90m[1msavepack[22m | 正在保存文件：res://.godot/imported/merchant_patina_2.png-b4b9e5c48de994bd491cd34c857efff9.ctex[39m[0m
[  70% ] [90m[1msavepack[22m | 正在保存文件：res://remaster/assets/models/merchant_patina_2.png.import[39m[0m
[  70% ] [90m[1msavepack[22m | 正在保存文件：res://.godot/imported/merchant_patina_3.png-e35fa9d81d5a501b93c1d896f67de9ee.ctex[39m[0m
[  70% ] [90m[1msavepack[22m | 正在保存文件：res://remaster/assets/models/merchant_patina_3.png.import[39m[0m
[  70% ] [90m[1msavepack[22m | 正在保存文件：res://.godot/imported/pipe.glb-7409a69bddce231784368945987e5641.scn[39m[0m
[  70% ] [90m[1msavepack[22m | 正在保存文件：res://remaster/assets/models/pipe.glb.import[39m[0m
[  71% ] [90m[1msavepack[22m | 正在保存文件：res://.godot/imported/pipe_patina.png-b2d53f32b4797be4a91dcad65ef98cb6.ctex[39m[0m
[  71% ] [90m[1msavepack[22m | 正在保存文件：res://remaster/assets/models/pipe_patina.png.import[39m[0m
[  71% ] [90m[1msavepack[22m | 正在保存文件：res://.godot/imported/pipe_patina_1.png-d09e42e3f5788f7b73423870e54351bf.ctex[39m[0m
[  71% ] [90m[1msavepack[22m | 正在保存文件：res://remaster/assets/models/pipe_patina_1.png.import[39m[0m
[  71% ] [90m[1msavepack[22m | 正在保存文件：res://.godot/imported/pipe_patina_2.png-71a14c6f053567340c2686c9d3b9d911.ctex[39m[0m
[  71% ] [90m[1msavepack[22m | 正在保存文件：res://remaster/assets/models/pipe_patina_2.png.import[39m[0m
[  71% ] [90m[1msavepack[22m | 正在保存文件：res://.godot/imported/platform.glb-3e1b28b63014f847e90601c0be133961.scn[39m[0m
[  71% ] [90m[1msavepack[22m | 正在保存文件：res://remaster/assets/models/platform.glb.import[39m[0m
[  71% ] [90m[1msavepack[22m | 正在保存文件：res://.godot/imported/platform_patina.png-7576aff7aee2123fc47cb98ea225c6c1.ctex[39m[0m
[  71% ] [90m[1msavepack[22m | 正在保存文件：res://remaster/assets/models/platform_patina.png.import[39m[0m
[  71% ] [90m[1msavepack[22m | 正在保存文件：res://.godot/imported/platform_patina_1.png-0a21c7a70689e92146ed34d9b174bed7.ctex[39m[0m
[  71% ] [90m[1msavepack[22m | 正在保存文件：res://remaster/assets/models/platform_patina_1.png.import[39m[0m
[  72% ] [90m[1msavepack[22m | 正在保存文件：res://.godot/imported/platform_patina_2.png-28a5894ea6028440c8b2b1e559d5034f.ctex[39m[0m
[  72% ] [90m[1msavepack[22m | 正在保存文件：res://remaster/assets/models/platform_patina_2.png.import[39m[0m
[  72% ] [90m[1msavepack[22m | 正在保存文件：res://.godot/imported/platform_patina_3.png-49581720c8800974c1cb950eec7b1dc6.ctex[39m[0m
[  72% ] [90m[1msavepack[22m | 正在保存文件：res://remaster/assets/models/platform_patina_3.png.import[39m[0m
[  72% ] [90m[1msavepack[22m | 正在保存文件：res://.godot/imported/potion.glb-5a33020aa56c57183dcb2af9ee9a4636.scn[39m[0m
[  72% ] [90m[1msavepack[22m | 正在保存文件：res://remaster/assets/models/potion.glb.import[39m[0m
[  72% ] [90m[1msavepack[22m | 正在保存文件：res://.godot/imported/potion_patina.png-a1cd0d31d6f838badf48c11de1dd7fa6.ctex[39m[0m
[  72% ] [90m[1msavepack[22m | 正在保存文件：res://remaster/assets/models/potion_patina.png.import[39m[0m
[  72% ] [90m[1msavepack[22m | 正在保存文件：res://.godot/imported/pulse_bomb.glb-cc779b61041ddc624b638e4fad051db9.scn[39m[0m
[  72% ] [90m[1msavepack[22m | 正在保存文件：res://remaster/assets/models/pulse_bomb.glb.import[39m[0m
[  72% ] [90m[1msavepack[22m | 正在保存文件：res://.godot/imported/pulse_bomb_patina.png-7e6c121d47d043cfa8b70f858437f6a9.ctex[39m[0m
[  72% ] [90m[1msavepack[22m | 正在保存文件：res://remaster/assets/models/pulse_bomb_patina.png.import[39m[0m
[  72% ] [90m[1msavepack[22m | 正在保存文件：res://.godot/imported/pulse_bomb_patina_1.png-c6a091174d3ef24da4df3b21e251e7c2.ctex[39m[0m
[  72% ] [90m[1msavepack[22m | 正在保存文件：res://remaster/assets/models/pulse_bomb_patina_1.png.import[39m[0m
[  73% ] [90m[1msavepack[22m | 正在保存文件：res://.godot/imported/reactor.glb-b7373a398411fedf5e53bbfb0b5ada49.scn[39m[0m
[  73% ] [90m[1msavepack[22m | 正在保存文件：res://remaster/assets/models/reactor.glb.import[39m[0m
[  73% ] [90m[1msavepack[22m | 正在保存文件：res://.godot/imported/reactor_patina.png-309e494c839341492b9b63b21f6f44b8.ctex[39m[0m
[  73% ] [90m[1msavepack[22m | 正在保存文件：res://remaster/assets/models/reactor_patina.png.import[39m[0m
[  73% ] [90m[1msavepack[22m | 正在保存文件：res://.godot/imported/reactor_patina_1.png-6f198e699fa67d54c491b02e0c7cec19.ctex[39m[0m
[  73% ] [90m[1msavepack[22m | 正在保存文件：res://remaster/assets/models/reactor_patina_1.png.import[39m[0m
[  73% ] [90m[1msavepack[22m | 正在保存文件：res://.godot/imported/reactor_patina_2.png-89db7e050fd283e4c0b9ce0dc573e580.ctex[39m[0m
[  73% ] [90m[1msavepack[22m | 正在保存文件：res://remaster/assets/models/reactor_patina_2.png.import[39m[0m
[  73% ] [90m[1msavepack[22m | 正在保存文件：res://.godot/imported/reactor_patina_3.png-da96fc4770253341da64f1a47a2c6a7f.ctex[39m[0m
[  73% ] [90m[1msavepack[22m | 正在保存文件：res://remaster/assets/models/reactor_patina_3.png.import[39m[0m
[  73% ] [90m[1msavepack[22m | 正在保存文件：res://.godot/imported/ring.glb-74cc21c3dafcd0a4a27fd92ffa457b31.scn[39m[0m
[  73% ] [90m[1msavepack[22m | 正在保存文件：res://remaster/assets/models/ring.glb.import[39m[0m
[  74% ] [90m[1msavepack[22m | 正在保存文件：res://.godot/imported/ring_patina.png-e6b77dc0fff2b975d8d67d445561c5df.ctex[39m[0m
[  74% ] [90m[1msavepack[22m | 正在保存文件：res://remaster/assets/models/ring_patina.png.import[39m[0m
[  74% ] [90m[1msavepack[22m | 正在保存文件：res://.godot/imported/rock_wall.glb-d62521aeeca88fae941ff28bd3ac5c32.scn[39m[0m
[  74% ] [90m[1msavepack[22m | 正在保存文件：res://remaster/assets/models/rock_wall.glb.import[39m[0m
[  74% ] [90m[1msavepack[22m | 正在保存文件：res://.godot/imported/sentry.glb-1c27bbc962a5a54a8f38127746905081.scn[39m[0m
[  74% ] [90m[1msavepack[22m | 正在保存文件：res://remaster/assets/models/sentry.glb.import[39m[0m
[  74% ] [90m[1msavepack[22m | 正在保存文件：res://.godot/imported/sentry_patina.png-3a2a82629a7d605b39942cb58a0d1dbc.ctex[39m[0m
[  74% ] [90m[1msavepack[22m | 正在保存文件：res://remaster/assets/models/sentry_patina.png.import[39m[0m
[  74% ] [90m[1msavepack[22m | 正在保存文件：res://.godot/imported/sentry_patina_1.png-fe9360bb0ad84466244867a52b647f81.ctex[39m[0m
[  74% ] [90m[1msavepack[22m | 正在保存文件：res://remaster/assets/models/sentry_patina_1.png.import[39m[0m
[  74% ] [90m[1msavepack[22m | 正在保存文件：res://.godot/imported/sentry_patina_2.png-ea680bca2eb38598fc0f91df73c8714f.ctex[39m[0m
[  74% ] [90m[1msavepack[22m | 正在保存文件：res://remaster/assets/models/sentry_patina_2.png.import[39m[0m
[  74% ] [90m[1msavepack[22m | 正在保存文件：res://.godot/imported/sentry_patina_3.png-c3a3ea394522959c77611c72a7c5bd09.ctex[39m[0m
[  74% ] [90m[1msavepack[22m | 正在保存文件：res://remaster/assets/models/sentry_patina_3.png.import[39m[0m
[  75% ] [90m[1msavepack[22m | 正在保存文件：res://.godot/imported/sentry_patina_4.png-2a16bb12b551e94ee1d380d1bccb4098.ctex[39m[0m
[  75% ] [90m[1msavepack[22m | 正在保存文件：res://remaster/assets/models/sentry_patina_4.png.import[39m[0m
[  75% ] [90m[1msavepack[22m | 正在保存文件：res://.godot/imported/spear.glb-f4ca74bea143314b742b44c8d2f82461.scn[39m[0m
[  75% ] [90m[1msavepack[22m | 正在保存文件：res://remaster/assets/models/spear.glb.import[39m[0m
[  75% ] [90m[1msavepack[22m | 正在保存文件：res://.godot/imported/spear_patina.png-3530457064b3d8bdbf2b76b5b0341ac7.ctex[39m[0m
[  75% ] [90m[1msavepack[22m | 正在保存文件：res://remaster/assets/models/spear_patina.png.import[39m[0m
[  75% ] [90m[1msavepack[22m | 正在保存文件：res://.godot/imported/spear_patina_1.png-28a66104548680534c020f5860169cd5.ctex[39m[0m
[  75% ] [90m[1msavepack[22m | 正在保存文件：res://remaster/assets/models/spear_patina_1.png.import[39m[0m
[  75% ] [90m[1msavepack[22m | 正在保存文件：res://.godot/imported/spear_patina_2.png-f9deaa923d6ab1f8e71f12193a44059f.ctex[39m[0m
[  75% ] [90m[1msavepack[22m | 正在保存文件：res://remaster/assets/models/spear_patina_2.png.import[39m[0m
[  75% ] [90m[1msavepack[22m | 正在保存文件：res://.godot/imported/stalker.glb-1ca50d01b5005b16db3f811da3924d63.scn[39m[0m
[  75% ] [90m[1msavepack[22m | 正在保存文件：res://remaster/assets/models/stalker.glb.import[39m[0m
[  75% ] [90m[1msavepack[22m | 正在保存文件：res://.godot/imported/stalker_patina.png-898e706cab53e61a37d1c84e1b028fd1.ctex[39m[0m
[  75% ] [90m[1msavepack[22m | 正在保存文件：res://remaster/assets/models/stalker_patina.png.import[39m[0m
[  76% ] [90m[1msavepack[22m | 正在保存文件：res://.godot/imported/stalker_patina_1.png-5433c34b4cec71e3eed06fee2e951981.ctex[39m[0m
[  76% ] [90m[1msavepack[22m | 正在保存文件：res://remaster/assets/models/stalker_patina_1.png.import[39m[0m
[  76% ] [90m[1msavepack[22m | 正在保存文件：res://.godot/imported/stalker_patina_2.png-bc6791f4e4c41d1b912517c3cca9635b.ctex[39m[0m
[  76% ] [90m[1msavepack[22m | 正在保存文件：res://remaster/assets/models/stalker_patina_2.png.import[39m[0m
[  76% ] [90m[1msavepack[22m | 正在保存文件：res://.godot/imported/stalker_patina_3.png-09dc6751173b1e1997d38cea6542e240.ctex[39m[0m
[  76% ] [90m[1msavepack[22m | 正在保存文件：res://remaster/assets/models/stalker_patina_3.png.import[39m[0m
[  76% ] [90m[1msavepack[22m | 正在保存文件：res://.godot/imported/station_clock.glb-4f491041c8c1bc5ed3b7557066e3f9c5.scn[39m[0m
[  76% ] [90m[1msavepack[22m | 正在保存文件：res://remaster/assets/models/station_clock.glb.import[39m[0m
[  76% ] [90m[1msavepack[22m | 正在保存文件：res://.godot/imported/station_clock_patina.png-656bdb95390980677bdf233c8f4184f7.ctex[39m[0m
[  76% ] [90m[1msavepack[22m | 正在保存文件：res://remaster/assets/models/station_clock_patina.png.import[39m[0m
[  76% ] [90m[1msavepack[22m | 正在保存文件：res://.godot/imported/station_clock_patina_1.png-11864dd0e94a863c919583f5653a64d2.ctex[39m[0m
[  76% ] [90m[1msavepack[22m | 正在保存文件：res://remaster/assets/models/station_clock_patina_1.png.import[39m[0m
[  77% ] [90m[1msavepack[22m | 正在保存文件：res://.godot/imported/station_clock_patina_2.png-9cb269d280920972bf16b83744a6e2bf.ctex[39m[0m
[  77% ] [90m[1msavepack[22m | 正在保存文件：res://remaster/assets/models/station_clock_patina_2.png.import[39m[0m
[  77% ] [90m[1msavepack[22m | 正在保存文件：res://.godot/imported/summon_mechanical.glb-8561e39c1798d9c28b96fd01de8a54a1.scn[39m[0m
[  77% ] [90m[1msavepack[22m | 正在保存文件：res://remaster/assets/models/summon_mechanical.glb.import[39m[0m
[  77% ] [90m[1msavepack[22m | 正在保存文件：res://.godot/imported/summon_mechanical_patina.png-a6446970582556c8d53685b175a3ad2c.ctex[39m[0m
[  77% ] [90m[1msavepack[22m | 正在保存文件：res://remaster/assets/models/summon_mechanical_patina.png.import[39m[0m
[  77% ] [90m[1msavepack[22m | 正在保存文件：res://.godot/imported/summon_mechanical_patina_1.png-403455f6e2e78c7e3e2a1a521ed7b790.ctex[39m[0m
[  77% ] [90m[1msavepack[22m | 正在保存文件：res://remaster/assets/models/summon_mechanical_patina_1.png.import[39m[0m
[  77% ] [90m[1msavepack[22m | 正在保存文件：res://.godot/imported/summon_mechanical_patina_2.png-565c5d32f8d856b04b2c9a187acd3dfb.ctex[39m[0m
[  77% ] [90m[1msavepack[22m | 正在保存文件：res://remaster/assets/models/summon_mechanical_patina_2.png.import[39m[0m
[  77% ] [90m[1msavepack[22m | 正在保存文件：res://.godot/imported/summon_shadow.glb-fb18cb3a3cff29cf2fe41fad745b45d5.scn[39m[0m
[  77% ] [90m[1msavepack[22m | 正在保存文件：res://remaster/assets/models/summon_shadow.glb.import[39m[0m
[  77% ] [90m[1msavepack[22m | 正在保存文件：res://.godot/imported/summon_shadow_patina.png-66612890a19def038a7a517a2daa5971.ctex[39m[0m
[  77% ] [90m[1msavepack[22m | 正在保存文件：res://remaster/assets/models/summon_shadow_patina.png.import[39m[0m
[  78% ] [90m[1msavepack[22m | 正在保存文件：res://.godot/imported/summon_shadow_patina_1.png-7e4d313c567dffab481632c03f390e0a.ctex[39m[0m
[  78% ] [90m[1msavepack[22m | 正在保存文件：res://remaster/assets/models/summon_shadow_patina_1.png.import[39m[0m
[  78% ] [90m[1msavepack[22m | 正在保存文件：res://.godot/imported/supply_crate.glb-99690e3fbdd6e7626214dca7bb5e9f58.scn[39m[0m
[  78% ] [90m[1msavepack[22m | 正在保存文件：res://remaster/assets/models/supply_crate.glb.import[39m[0m
[  78% ] [90m[1msavepack[22m | 正在保存文件：res://.godot/imported/supply_crate_patina.png-3ded350752d4d67bad7a430ba6f5352d.ctex[39m[0m
[  78% ] [90m[1msavepack[22m | 正在保存文件：res://remaster/assets/models/supply_crate_patina.png.import[39m[0m
[  78% ] [90m[1msavepack[22m | 正在保存文件：res://.godot/imported/supply_crate_patina_1.png-c9543b39e300a10613ee55874ea29ffb.ctex[39m[0m
[  78% ] [90m[1msavepack[22m | 正在保存文件：res://remaster/assets/models/supply_crate_patina_1.png.import[39m[0m
[  78% ] [90m[1msavepack[22m | 正在保存文件：res://.godot/imported/supply_crate_patina_2.png-8fcbd49895e839251b33eb243a15c59b.ctex[39m[0m
[  78% ] [90m[1msavepack[22m | 正在保存文件：res://remaster/assets/models/supply_crate_patina_2.png.import[39m[0m
[  78% ] [90m[1msavepack[22m | 正在保存文件：res://.godot/imported/surveyor.glb-0477dbad28b7abb24d28339265b393bf.scn[39m[0m
[  78% ] [90m[1msavepack[22m | 正在保存文件：res://remaster/assets/models/surveyor.glb.import[39m[0m
[  79% ] [90m[1msavepack[22m | 正在保存文件：res://.godot/imported/surveyor_patina.png-4073f76a60c8608bd868f64052569d5b.ctex[39m[0m
[  79% ] [90m[1msavepack[22m | 正在保存文件：res://remaster/assets/models/surveyor_patina.png.import[39m[0m
[  79% ] [90m[1msavepack[22m | 正在保存文件：res://.godot/imported/surveyor_patina_1.png-73401a92f8ec34f1e4e7054f92b3a09b.ctex[39m[0m
[  79% ] [90m[1msavepack[22m | 正在保存文件：res://remaster/assets/models/surveyor_patina_1.png.import[39m[0m
[  79% ] [90m[1msavepack[22m | 正在保存文件：res://.godot/imported/surveyor_patina_2.png-fdbd2fa8d46d7ceb7226ee0903699521.ctex[39m[0m
[  79% ] [90m[1msavepack[22m | 正在保存文件：res://remaster/assets/models/surveyor_patina_2.png.import[39m[0m
[  79% ] [90m[1msavepack[22m | 正在保存文件：res://.godot/imported/surveyor_patina_3.png-f457e9b5711b31585357e6585ad472e8.ctex[39m[0m
[  79% ] [90m[1msavepack[22m | 正在保存文件：res://remaster/assets/models/surveyor_patina_3.png.import[39m[0m
[  79% ] [90m[1msavepack[22m | 正在保存文件：res://.godot/imported/titan.glb-0e23e7690ac1860458c535fba7f49be5.scn[39m[0m
[  79% ] [90m[1msavepack[22m | 正在保存文件：res://remaster/assets/models/titan.glb.import[39m[0m
[  79% ] [90m[1msavepack[22m | 正在保存文件：res://.godot/imported/titan_patina.png-1d022d1ae6ad43279aa18695eb4887ed.ctex[39m[0m
[  79% ] [90m[1msavepack[22m | 正在保存文件：res://remaster/assets/models/titan_patina.png.import[39m[0m
[  79% ] [90m[1msavepack[22m | 正在保存文件：res://.godot/imported/titan_patina_1.png-679a2c506fe594e64ee53f0a1b8679be.ctex[39m[0m
[  79% ] [90m[1msavepack[22m | 正在保存文件：res://remaster/assets/models/titan_patina_1.png.import[39m[0m
[  80% ] [90m[1msavepack[22m | 正在保存文件：res://.godot/imported/titan_patina_2.png-6df12ddf3587933bb358d0bd974524ba.ctex[39m[0m
[  80% ] [90m[1msavepack[22m | 正在保存文件：res://remaster/assets/models/titan_patina_2.png.import[39m[0m
[  80% ] [90m[1msavepack[22m | 正在保存文件：res://.godot/imported/titan_patina_3.png-0779163425ae857f49be3dbcf281f4e4.ctex[39m[0m
[  80% ] [90m[1msavepack[22m | 正在保存文件：res://remaster/assets/models/titan_patina_3.png.import[39m[0m
[  80% ] [90m[1msavepack[22m | 正在保存文件：res://.godot/imported/tower.glb-a0083e51d47e067821f81f919aa276ac.scn[39m[0m
[  80% ] [90m[1msavepack[22m | 正在保存文件：res://remaster/assets/models/tower.glb.import[39m[0m
[  80% ] [90m[1msavepack[22m | 正在保存文件：res://.godot/imported/tower_patina.png-abd52d803d9c02fe83509322e28c512c.ctex[39m[0m
[  80% ] [90m[1msavepack[22m | 正在保存文件：res://remaster/assets/models/tower_patina.png.import[39m[0m
[  80% ] [90m[1msavepack[22m | 正在保存文件：res://.godot/imported/tower_patina_1.png-a9c95257cb61e7d606af2bdeb25aad5c.ctex[39m[0m
[  80% ] [90m[1msavepack[22m | 正在保存文件：res://remaster/assets/models/tower_patina_1.png.import[39m[0m
[  80% ] [90m[1msavepack[22m | 正在保存文件：res://.godot/imported/tower_patina_2.png-9c4d225da95e8482ad0ac0087c468d03.ctex[39m[0m
[  80% ] [90m[1msavepack[22m | 正在保存文件：res://remaster/assets/models/tower_patina_2.png.import[39m[0m
[  81% ] [90m[1msavepack[22m | 正在保存文件：res://.godot/imported/tower_patina_3.png-cb2da85996a88160efd94c07504fb45b.ctex[39m[0m
[  81% ] [90m[1msavepack[22m | 正在保存文件：res://remaster/assets/models/tower_patina_3.png.import[39m[0m
[  81% ] [90m[1msavepack[22m | 正在保存文件：res://.godot/imported/turbine.glb-629e7ce9f3e38e148f596ed5b8e5c34a.scn[39m[0m
[  81% ] [90m[1msavepack[22m | 正在保存文件：res://remaster/assets/models/turbine.glb.import[39m[0m
[  81% ] [90m[1msavepack[22m | 正在保存文件：res://.godot/imported/turbine_patina.png-fcebfcaa5af0374289fd6c27a220a51b.ctex[39m[0m
[  81% ] [90m[1msavepack[22m | 正在保存文件：res://remaster/assets/models/turbine_patina.png.import[39m[0m
[  81% ] [90m[1msavepack[22m | 正在保存文件：res://.godot/imported/turbine_patina_1.png-8dbae060803f67f1a34fa42b5c9b600c.ctex[39m[0m
[  81% ] [90m[1msavepack[22m | 正在保存文件：res://remaster/assets/models/turbine_patina_1.png.import[39m[0m
[  81% ] [90m[1msavepack[22m | 正在保存文件：res://.godot/imported/turbine_patina_2.png-8543bf68853922b6a37a72c21c3be09b.ctex[39m[0m
[  81% ] [90m[1msavepack[22m | 正在保存文件：res://remaster/assets/models/turbine_patina_2.png.import[39m[0m
[  81% ] [90m[1msavepack[22m | 正在保存文件：res://.godot/imported/void_ring.glb-3f8a1fac4ff5bb1c7df846770c51a9bc.scn[39m[0m
[  81% ] [90m[1msavepack[22m | 正在保存文件：res://remaster/assets/models/void_ring.glb.import[39m[0m
[  81% ] [90m[1msavepack[22m | 正在保存文件：res://.godot/imported/void_ring_patina.png-3f3766b6eedd6acf57036a871c116349.ctex[39m[0m
[  81% ] [90m[1msavepack[22m | 正在保存文件：res://remaster/assets/models/void_ring_patina.png.import[39m[0m
[  82% ] [90m[1msavepack[22m | 正在保存文件：res://.godot/imported/void_ring_patina_1.png-b288aa20b8a4c1b9c2ed463b520dad8d.ctex[39m[0m
[  82% ] [90m[1msavepack[22m | 正在保存文件：res://remaster/assets/models/void_ring_patina_1.png.import[39m[0m
[  82% ] [90m[1msavepack[22m | 正在保存文件：res://.godot/imported/void_ring_patina_2.png-436c7793b62b7f29529185f48af3d5c5.ctex[39m[0m
[  82% ] [90m[1msavepack[22m | 正在保存文件：res://remaster/assets/models/void_ring_patina_2.png.import[39m[0m
[  82% ] [90m[1msavepack[22m | 正在保存文件：res://.godot/imported/warden.glb-820a22c81751b59b232c474265c2a100.scn[39m[0m
[  82% ] [90m[1msavepack[22m | 正在保存文件：res://remaster/assets/models/warden.glb.import[39m[0m
[  82% ] [90m[1msavepack[22m | 正在保存文件：res://.godot/imported/warden_patina.png-175d279c92999fd530954060d259595f.ctex[39m[0m
[  82% ] [90m[1msavepack[22m | 正在保存文件：res://remaster/assets/models/warden_patina.png.import[39m[0m
[  82% ] [90m[1msavepack[22m | 正在保存文件：res://.godot/imported/warden_patina_1.png-7775704de6ee1bcdd82deedec148b121.ctex[39m[0m
[  82% ] [90m[1msavepack[22m | 正在保存文件：res://remaster/assets/models/warden_patina_1.png.import[39m[0m
[  82% ] [90m[1msavepack[22m | 正在保存文件：res://.godot/imported/warden_patina_2.png-db366ba368ae08ccb063e2ec67504daf.ctex[39m[0m
[  82% ] [90m[1msavepack[22m | 正在保存文件：res://remaster/assets/models/warden_patina_2.png.import[39m[0m
[  82% ] [90m[1msavepack[22m | 正在保存文件：res://.godot/imported/warden_patina_3.png-86ccec45bf39da91584cc93f819966c1.ctex[39m[0m
[  82% ] [90m[1msavepack[22m | 正在保存文件：res://remaster/assets/models/warden_patina_3.png.import[39m[0m
[  83% ] [90m[1msavepack[22m | 正在保存文件：res://.godot/imported/warden_patina_4.png-8f3908676d59d6e6269f5ca49ebcf1a3.ctex[39m[0m
[  83% ] [90m[1msavepack[22m | 正在保存文件：res://remaster/assets/models/warden_patina_4.png.import[39m[0m
[  83% ] [90m[1msavepack[22m | 正在保存文件：res://scripts/skill_preview.gdc[39m[0m
[  83% ] [90m[1msavepack[22m | 正在保存文件：res://scripts/skill_preview_effect.gdc[39m[0m
[  83% ] [90m[1msavepack[22m | 正在保存文件：res://scripts/soul_knights_boss.gdc[39m[0m
[  83% ] [90m[1msavepack[22m | 正在保存文件：res://scripts/stat_resolver.gdc[39m[0m
[  83% ] [90m[1msavepack[22m | 正在保存文件：res://scripts/summon_controller.gdc[39m[0m
[  84% ] [90m[1msavepack[22m | 正在保存文件：res://scripts/summon_fx.gdc[39m[0m
[  84% ] [90m[1msavepack[22m | 正在保存文件：res://scripts/summon_robot.gdc[39m[0m
[  84% ] [90m[1msavepack[22m | 正在保存文件：res://scripts/summon_roster_panel.gdc[39m[0m
[  84% ] [90m[1msavepack[22m | 正在保存文件：res://scripts/summon_rules.gdc[39m[0m
[  84% ] [90m[1msavepack[22m | 正在保存文件：res://scripts/theme_backdrop.gdc[39m[0m
[  84% ] [90m[1msavepack[22m | 正在保存文件：res://scripts/title_menu.gdc[39m[0m
[  84% ] [90m[1msavepack[22m | 正在保存文件：res://scripts/tutorial_guide.gdc[39m[0m
[  85% ] [90m[1msavepack[22m | 正在保存文件：res://scripts/ui_helper.gdc[39m[0m
[  85% ] [90m[1msavepack[22m | 正在保存文件：res://scripts/updraft.gdc[39m[0m
[  85% ] [90m[1msavepack[22m | 正在保存文件：res://scripts/void_dragon_boss.gdc[39m[0m
[  85% ] [90m[1msavepack[22m | 正在保存文件：res://scripts/void_king_boss.gdc[39m[0m
[  85% ] [90m[1msavepack[22m | 正在保存文件：res://scripts/water.gdc[39m[0m
[  85% ] [90m[1msavepack[22m | 正在保存文件：res://scripts/weapons.gdc[39m[0m
[  86% ] [90m[1msavepack[22m | 正在保存文件：res://remaster/actor.gdc[39m[0m
[  86% ] [90m[1msavepack[22m | 正在保存文件：res://remaster/audio.gdc[39m[0m
[  86% ] [90m[1msavepack[22m | 正在保存文件：res://remaster/companion.gdc[39m[0m
[  86% ] [90m[1msavepack[22m | 正在保存文件：res://remaster/companions.gdc[39m[0m
[  86% ] [90m[1msavepack[22m | 正在保存文件：res://remaster/controls.gdc[39m[0m
[  86% ] [90m[1msavepack[22m | 正在保存文件：res://remaster/enemy.gdc[39m[0m
[  86% ] [90m[1msavepack[22m | 正在保存文件：res://remaster/evolution.gdc[39m[0m
[  87% ] [90m[1msavepack[22m | 正在保存文件：res://remaster/evolution_data.gdc[39m[0m
[  87% ] [90m[1msavepack[22m | 正在保存文件：res://remaster/evolution_ui.gdc[39m[0m
[  87% ] [90m[1msavepack[22m | 正在保存文件：res://remaster/experience_ui.gdc[39m[0m
[  87% ] [90m[1msavepack[22m | 正在保存文件：res://remaster/exploration.gdc[39m[0m
[  87% ] [90m[1msavepack[22m | 正在保存文件：res://remaster/exploration_data.gdc[39m[0m
[  87% ] [90m[1msavepack[22m | 正在保存文件：res://remaster/exploration_ui.gdc[39m[0m
[  88% ] [90m[1msavepack[22m | 正在保存文件：res://remaster/level_design.gdc[39m[0m
[  88% ] [90m[1msavepack[22m | 正在保存文件：res://remaster/main.gdc[39m[0m
[  88% ] [90m[1msavepack[22m | 正在保存文件：res://.godot/exported/133200997/export-c7226daca7b09f97c2812bbce52a4cd0-main.scn[39m[0m
[  88% ] [90m[1msavepack[22m | 正在保存文件：res://remaster/map.gdc[39m[0m
[  88% ] [90m[1msavepack[22m | 正在保存文件：res://remaster/projectile.gdc[39m[0m
[  88% ] [90m[1msavepack[22m | 正在保存文件：res://remaster/save_io.gdc[39m[0m
[  88% ] [90m[1msavepack[22m | 正在保存文件：res://remaster/scenery.gdc[39m[0m
[  89% ] [90m[1msavepack[22m | 正在保存文件：res://remaster/squad_data.gdc[39m[0m
[  89% ] [90m[1msavepack[22m | 正在保存文件：res://remaster/state.gdc[39m[0m
[  89% ] [90m[1msavepack[22m | 正在保存文件：res://remaster/ui.gdc[39m[0m
[  89% ] [90m[1msavepack[22m | 正在保存文件：res://remaster/world_data.gdc[39m[0m
[  89% ] [90m[1msavepack[22m | 正在保存文件：res://scripts/anim_loader.gdc[39m[0m
[  89% ] [90m[1msavepack[22m | 正在保存文件：res://scripts/belt.gdc[39m[0m
[  90% ] [90m[1msavepack[22m | 正在保存文件：res://scripts/bomb.gdc[39m[0m
[  90% ] [90m[1msavepack[22m | 正在保存文件：res://scripts/boss.gdc[39m[0m
[  90% ] [90m[1msavepack[22m | 正在保存文件：res://scripts/boss_bar.gdc[39m[0m
[  90% ] [90m[1msavepack[22m | 正在保存文件：res://scripts/boss_retreat_console.gdc[39m[0m
[  90% ] [90m[1msavepack[22m | 正在保存文件：res://scripts/character_equipment_preview.gdc[39m[0m
[  90% ] [90m[1msavepack[22m | 正在保存文件：res://scripts/cinematic_data.gdc[39m[0m
[  90% ] [90m[1msavepack[22m | 正在保存文件：res://scripts/cinematic_panel.gdc[39m[0m
[  91% ] [90m[1msavepack[22m | 正在保存文件：res://scripts/combat_feedback.gdc[39m[0m
[  91% ] [90m[1msavepack[22m | 正在保存文件：res://scripts/completion.gdc[39m[0m
[  91% ] [90m[1msavepack[22m | 正在保存文件：res://scripts/dash_gate.gdc[39m[0m
[  91% ] [90m[1msavepack[22m | 正在保存文件：res://scripts/dialogue_data.gdc[39m[0m
[  91% ] [90m[1msavepack[22m | 正在保存文件：res://scripts/dialogue_panel.gdc[39m[0m
[  91% ] [90m[1msavepack[22m | 正在保存文件：res://scripts/dialogue_runner.gdc[39m[0m
[  91% ] [90m[1msavepack[22m | 正在保存文件：res://scripts/downward_portal_visual.gdc[39m[0m
[  92% ] [90m[1msavepack[22m | 正在保存文件：res://scripts/enemy.gdc[39m[0m
[  92% ] [90m[1msavepack[22m | 正在保存文件：res://scripts/enemy_combat_director.gdc[39m[0m
[  92% ] [90m[1msavepack[22m | 正在保存文件：res://scripts/enemy_projectile.gdc[39m[0m
[  92% ] [90m[1msavepack[22m | 正在保存文件：res://scripts/equipment_patch_data.gdc[39m[0m
[  92% ] [90m[1msavepack[22m | 正在保存文件：res://scripts/equipment_upgrade_panel.gdc[39m[0m
[  92% ] [90m[1msavepack[22m | 正在保存文件：res://scripts/equipment_upgrade_terminal.gdc[39m[0m
[  93% ] [90m[1msavepack[22m | 正在保存文件：res://scripts/follow_camera.gdc[39m[0m
[  93% ] [90m[1msavepack[22m | 正在保存文件：res://scripts/fx.gdc[39m[0m
[  93% ] [90m[1msavepack[22m | 正在保存文件：res://scripts/game.gdc[39m[0m
[  93% ] [90m[1msavepack[22m | 正在保存文件：res://scripts/hazard.gdc[39m[0m
[  93% ] [90m[1msavepack[22m | 正在保存文件：res://scripts/hud.gdc[39m[0m
[  93% ] [90m[1msavepack[22m | 正在保存文件：res://scripts/inventory_panel.gdc[39m[0m
[  93% ] [90m[1msavepack[22m | 正在保存文件：res://scripts/items_data.gdc[39m[0m
[  94% ] [90m[1msavepack[22m | 正在保存文件：res://scripts/item_compare.gdc[39m[0m
[  94% ] [90m[1msavepack[22m | 正在保存文件：res://scripts/levels.gdc[39m[0m
[  94% ] [90m[1msavepack[22m | 正在保存文件：res://scripts/main.gdc[39m[0m
[  94% ] [90m[1msavepack[22m | 正在保存文件：res://scripts/map_panel.gdc[39m[0m
[  94% ] [90m[1msavepack[22m | 正在保存文件：res://scripts/mover.gdc[39m[0m
[  94% ] [90m[1msavepack[22m | 正在保存文件：res://scripts/npc_actor.gdc[39m[0m
[  95% ] [90m[1msavepack[22m | 正在保存文件：res://scripts/npc_data.gdc[39m[0m
[  95% ] [90m[1msavepack[22m | 正在保存文件：res://scripts/pause_menu.gdc[39m[0m
[  95% ] [90m[1msavepack[22m | 正在保存文件：res://scripts/pickup.gdc[39m[0m
[  95% ] [90m[1msavepack[22m | 正在保存文件：res://scripts/player.gdc[39m[0m
[  95% ] [90m[1msavepack[22m | 正在保存文件：res://scripts/player_visual_profile.gdc[39m[0m
[  95% ] [90m[1msavepack[22m | 正在保存文件：res://scripts/portal_interaction.gdc[39m[0m
[  95% ] [90m[1msavepack[22m | 正在保存文件：res://scripts/portal_visual.gdc[39m[0m
[  96% ] [90m[1msavepack[22m | 正在保存文件：res://scripts/progression_migration.gdc[39m[0m
[  96% ] [90m[1msavepack[22m | 正在保存文件：res://scripts/projectile.gdc[39m[0m
[  96% ] [90m[1msavepack[22m | 正在保存文件：res://scripts/quantum_upgrade_visual.gdc[39m[0m
[  96% ] [90m[1msavepack[22m | 正在保存文件：res://scripts/quest_data.gdc[39m[0m
[  96% ] [90m[1msavepack[22m | 正在保存文件：res://scripts/quest_panel.gdc[39m[0m
[  96% ] [90m[1msavepack[22m | 正在保存文件：res://scripts/quest_runtime.gdc[39m[0m
[  97% ] [90m[1msavepack[22m | 正在保存文件：res://scripts/quest_tracker.gdc[39m[0m
[  97% ] [90m[1msavepack[22m | 正在保存文件：res://scripts/region_audio_controller.gdc[39m[0m
[  97% ] [90m[1msavepack[22m | 正在保存文件：res://scripts/robot_data.gdc[39m[0m
[  97% ] [90m[1msavepack[22m | 正在保存文件：res://scripts/rooms.gdc[39m[0m
[  97% ] [90m[1msavepack[22m | 正在保存文件：res://scripts/rune.gdc[39m[0m
[  97% ] [90m[1msavepack[22m | 正在保存文件：res://scripts/settings_panel.gdc[39m[0m
[  97% ] [90m[1msavepack[22m | 正在保存文件：res://scripts/shaft_transition.gdc[39m[0m
[  98% ] [90m[1msavepack[22m | 正在保存文件：res://scripts/skills_active.gdc[39m[0m
[  98% ] [90m[1msavepack[22m | 正在保存文件：res://scripts/skills_data.gdc[39m[0m
[  98% ] [90m[1msavepack[22m | 正在保存文件：res://scripts/skill_fx_profile.gdc[39m[0m
[  98% ] [90m[1msavepack[22m | 正在保存文件：res://scripts/skill_graph.gdc[39m[0m
[  98% ] [90m[1msavepack[22m | 正在保存文件：res://scripts/skill_interactable.gdc[39m[0m
[  98% ] [90m[1msavepack[22m | 正在保存文件：res://scripts/skill_node_control.gdc[39m[0m
[  98% ] [90m[1msavepack[22m | 正在保存文件：res://title.tscn.remap[39m[0m
[  98% ] [90m[1msavepack[22m | 正在保存文件：res://scripts/skill_panel.gd.remap[39m[0m
[  98% ] [90m[1msavepack[22m | 正在保存文件：res://main.tscn.remap[39m[0m
[  98% ] [90m[1msavepack[22m | 正在保存文件：res://scripts/skill_preview.gd.remap[39m[0m
[  98% ] [90m[1msavepack[22m | 正在保存文件：res://scripts/skill_preview_effect.gd.remap[39m[0m
[  98% ] [90m[1msavepack[22m | 正在保存文件：res://scripts/soul_knights_boss.gd.remap[39m[0m
[  98% ] [90m[1msavepack[22m | 正在保存文件：res://scripts/stat_resolver.gd.remap[39m[0m
[  98% ] [90m[1msavepack[22m | 正在保存文件：res://scripts/summon_controller.gd.remap[39m[0m
[  98% ] [90m[1msavepack[22m | 正在保存文件：res://scripts/summon_fx.gd.remap[39m[0m
[  98% ] [90m[1msavepack[22m | 正在保存文件：res://scripts/summon_robot.gd.remap[39m[0m
[  98% ] [90m[1msavepack[22m | 正在保存文件：res://scripts/summon_roster_panel.gd.remap[39m[0m
[  98% ] [90m[1msavepack[22m | 正在保存文件：res://scripts/summon_rules.gd.remap[39m[0m
[  98% ] [90m[1msavepack[22m | 正在保存文件：res://scripts/theme_backdrop.gd.remap[39m[0m
[  98% ] [90m[1msavepack[22m | 正在保存文件：res://scripts/title_menu.gd.remap[39m[0m
[  98% ] [90m[1msavepack[22m | 正在保存文件：res://scripts/tutorial_guide.gd.remap[39m[0m
[  98% ] [90m[1msavepack[22m | 正在保存文件：res://scripts/ui_helper.gd.remap[39m[0m
[  98% ] [90m[1msavepack[22m | 正在保存文件：res://scripts/updraft.gd.remap[39m[0m
[  98% ] [90m[1msavepack[22m | 正在保存文件：res://scripts/void_dragon_boss.gd.remap[39m[0m
[  98% ] [90m[1msavepack[22m | 正在保存文件：res://scripts/void_king_boss.gd.remap[39m[0m
[  98% ] [90m[1msavepack[22m | 正在保存文件：res://scripts/water.gd.remap[39m[0m
[  98% ] [90m[1msavepack[22m | 正在保存文件：res://scripts/weapons.gd.remap[39m[0m
[  98% ] [90m[1msavepack[22m | 正在保存文件：res://remaster/actor.gd.remap[39m[0m
[  98% ] [90m[1msavepack[22m | 正在保存文件：res://remaster/audio.gd.remap[39m[0m
[  98% ] [90m[1msavepack[22m | 正在保存文件：res://remaster/companion.gd.remap[39m[0m
[  98% ] [90m[1msavepack[22m | 正在保存文件：res://remaster/companions.gd.remap[39m[0m
[  98% ] [90m[1msavepack[22m | 正在保存文件：res://remaster/controls.gd.remap[39m[0m
[  98% ] [90m[1msavepack[22m | 正在保存文件：res://remaster/enemy.gd.remap[39m[0m
[  98% ] [90m[1msavepack[22m | 正在保存文件：res://remaster/evolution.gd.remap[39m[0m
[  98% ] [90m[1msavepack[22m | 正在保存文件：res://remaster/evolution_data.gd.remap[39m[0m
[  98% ] [90m[1msavepack[22m | 正在保存文件：res://remaster/evolution_ui.gd.remap[39m[0m
[  98% ] [90m[1msavepack[22m | 正在保存文件：res://remaster/experience_ui.gd.remap[39m[0m
[  98% ] [90m[1msavepack[22m | 正在保存文件：res://remaster/exploration.gd.remap[39m[0m
[  98% ] [90m[1msavepack[22m | 正在保存文件：res://remaster/exploration_data.gd.remap[39m[0m
[  98% ] [90m[1msavepack[22m | 正在保存文件：res://remaster/exploration_ui.gd.remap[39m[0m
[  98% ] [90m[1msavepack[22m | 正在保存文件：res://remaster/level_design.gd.remap[39m[0m
[  98% ] [90m[1msavepack[22m | 正在保存文件：res://remaster/main.gd.remap[39m[0m
[  98% ] [90m[1msavepack[22m | 正在保存文件：res://remaster/main.tscn.remap[39m[0m
[  98% ] [90m[1msavepack[22m | 正在保存文件：res://remaster/map.gd.remap[39m[0m
[  98% ] [90m[1msavepack[22m | 正在保存文件：res://remaster/projectile.gd.remap[39m[0m
[  98% ] [90m[1msavepack[22m | 正在保存文件：res://remaster/save_io.gd.remap[39m[0m
[  98% ] [90m[1msavepack[22m | 正在保存文件：res://remaster/scenery.gd.remap[39m[0m
[  98% ] [90m[1msavepack[22m | 正在保存文件：res://remaster/squad_data.gd.remap[39m[0m
[  98% ] [90m[1msavepack[22m | 正在保存文件：res://remaster/state.gd.remap[39m[0m
[  98% ] [90m[1msavepack[22m | 正在保存文件：res://remaster/ui.gd.remap[39m[0m
[  98% ] [90m[1msavepack[22m | 正在保存文件：res://remaster/world_data.gd.remap[39m[0m
[  98% ] [90m[1msavepack[22m | 正在保存文件：res://scripts/anim_loader.gd.remap[39m[0m
[  98% ] [90m[1msavepack[22m | 正在保存文件：res://scripts/belt.gd.remap[39m[0m
[  98% ] [90m[1msavepack[22m | 正在保存文件：res://scripts/bomb.gd.remap[39m[0m
[  98% ] [90m[1msavepack[22m | 正在保存文件：res://scripts/boss.gd.remap[39m[0m
[  98% ] [90m[1msavepack[22m | 正在保存文件：res://scripts/boss_bar.gd.remap[39m[0m
[  98% ] [90m[1msavepack[22m | 正在保存文件：res://scripts/boss_retreat_console.gd.remap[39m[0m
[  98% ] [90m[1msavepack[22m | 正在保存文件：res://scripts/character_equipment_preview.gd.remap[39m[0m
[  98% ] [90m[1msavepack[22m | 正在保存文件：res://scripts/cinematic_data.gd.remap[39m[0m
[  98% ] [90m[1msavepack[22m | 正在保存文件：res://scripts/cinematic_panel.gd.remap[39m[0m
[  98% ] [90m[1msavepack[22m | 正在保存文件：res://scripts/combat_feedback.gd.remap[39m[0m
[  98% ] [90m[1msavepack[22m | 正在保存文件：res://scripts/completion.gd.remap[39m[0m
[  98% ] [90m[1msavepack[22m | 正在保存文件：res://scripts/dash_gate.gd.remap[39m[0m
[  98% ] [90m[1msavepack[22m | 正在保存文件：res://scripts/dialogue_data.gd.remap[39m[0m
[  98% ] [90m[1msavepack[22m | 正在保存文件：res://scripts/dialogue_panel.gd.remap[39m[0m
[  98% ] [90m[1msavepack[22m | 正在保存文件：res://scripts/dialogue_runner.gd.remap[39m[0m
[  98% ] [90m[1msavepack[22m | 正在保存文件：res://scripts/downward_portal_visual.gd.remap[39m[0m
[  98% ] [90m[1msavepack[22m | 正在保存文件：res://scripts/enemy.gd.remap[39m[0m
[  98% ] [90m[1msavepack[22m | 正在保存文件：res://scripts/enemy_combat_director.gd.remap[39m[0m
[  98% ] [90m[1msavepack[22m | 正在保存文件：res://scripts/enemy_projectile.gd.remap[39m[0m
[  98% ] [90m[1msavepack[22m | 正在保存文件：res://scripts/equipment_patch_data.gd.remap[39m[0m
[  98% ] [90m[1msavepack[22m | 正在保存文件：res://scripts/equipment_upgrade_panel.gd.remap[39m[0m
[  98% ] [90m[1msavepack[22m | 正在保存文件：res://scripts/equipment_upgrade_terminal.gd.remap[39m[0m
[  98% ] [90m[1msavepack[22m | 正在保存文件：res://scripts/follow_camera.gd.remap[39m[0m
[  98% ] [90m[1msavepack[22m | 正在保存文件：res://scripts/fx.gd.remap[39m[0m
[  98% ] [90m[1msavepack[22m | 正在保存文件：res://scripts/game.gd.remap[39m[0m
[  98% ] [90m[1msavepack[22m | 正在保存文件：res://scripts/hazard.gd.remap[39m[0m
[  98% ] [90m[1msavepack[22m | 正在保存文件：res://scripts/hud.gd.remap[39m[0m
[  98% ] [90m[1msavepack[22m | 正在保存文件：res://scripts/inventory_panel.gd.remap[39m[0m
[  98% ] [90m[1msavepack[22m | 正在保存文件：res://scripts/items_data.gd.remap[39m[0m
[  98% ] [90m[1msavepack[22m | 正在保存文件：res://scripts/item_compare.gd.remap[39m[0m
[  98% ] [90m[1msavepack[22m | 正在保存文件：res://scripts/levels.gd.remap[39m[0m
[  98% ] [90m[1msavepack[22m | 正在保存文件：res://scripts/main.gd.remap[39m[0m
[  98% ] [90m[1msavepack[22m | 正在保存文件：res://scripts/map_panel.gd.remap[39m[0m
[  98% ] [90m[1msavepack[22m | 正在保存文件：res://scripts/mover.gd.remap[39m[0m
[  98% ] [90m[1msavepack[22m | 正在保存文件：res://scripts/npc_actor.gd.remap[39m[0m
[  98% ] [90m[1msavepack[22m | 正在保存文件：res://scripts/npc_data.gd.remap[39m[0m
[  98% ] [90m[1msavepack[22m | 正在保存文件：res://scripts/pause_menu.gd.remap[39m[0m
[  98% ] [90m[1msavepack[22m | 正在保存文件：res://scripts/pickup.gd.remap[39m[0m
[  98% ] [90m[1msavepack[22m | 正在保存文件：res://scripts/player.gd.remap[39m[0m
[  98% ] [90m[1msavepack[22m | 正在保存文件：res://scripts/player_visual_profile.gd.remap[39m[0m
[  98% ] [90m[1msavepack[22m | 正在保存文件：res://scripts/portal_interaction.gd.remap[39m[0m
[  98% ] [90m[1msavepack[22m | 正在保存文件：res://scripts/portal_visual.gd.remap[39m[0m
[  98% ] [90m[1msavepack[22m | 正在保存文件：res://scripts/progression_migration.gd.remap[39m[0m
[  98% ] [90m[1msavepack[22m | 正在保存文件：res://scripts/projectile.gd.remap[39m[0m
[  98% ] [90m[1msavepack[22m | 正在保存文件：res://scripts/quantum_upgrade_visual.gd.remap[39m[0m
[  98% ] [90m[1msavepack[22m | 正在保存文件：res://scripts/quest_data.gd.remap[39m[0m
[  98% ] [90m[1msavepack[22m | 正在保存文件：res://scripts/quest_panel.gd.remap[39m[0m
[  98% ] [90m[1msavepack[22m | 正在保存文件：res://scripts/quest_runtime.gd.remap[39m[0m
[  98% ] [90m[1msavepack[22m | 正在保存文件：res://scripts/quest_tracker.gd.remap[39m[0m
[  98% ] [90m[1msavepack[22m | 正在保存文件：res://scripts/region_audio_controller.gd.remap[39m[0m
[  98% ] [90m[1msavepack[22m | 正在保存文件：res://scripts/robot_data.gd.remap[39m[0m
[  98% ] [90m[1msavepack[22m | 正在保存文件：res://scripts/rooms.gd.remap[39m[0m
[  98% ] [90m[1msavepack[22m | 正在保存文件：res://scripts/rune.gd.remap[39m[0m
[  98% ] [90m[1msavepack[22m | 正在保存文件：res://scripts/settings_panel.gd.remap[39m[0m
[  98% ] [90m[1msavepack[22m | 正在保存文件：res://scripts/shaft_transition.gd.remap[39m[0m
[  98% ] [90m[1msavepack[22m | 正在保存文件：res://scripts/skills_active.gd.remap[39m[0m
[  98% ] [90m[1msavepack[22m | 正在保存文件：res://scripts/skills_data.gd.remap[39m[0m
[  98% ] [90m[1msavepack[22m | 正在保存文件：res://scripts/skill_fx_profile.gd.remap[39m[0m
[  98% ] [90m[1msavepack[22m | 正在保存文件：res://scripts/skill_graph.gd.remap[39m[0m
[  98% ] [90m[1msavepack[22m | 正在保存文件：res://scripts/skill_interactable.gd.remap[39m[0m
[  98% ] [90m[1msavepack[22m | 正在保存文件：res://scripts/skill_node_control.gd.remap[39m[0m
[  98% ] [90m[1msavepack[22m | 正在保存文件：res://.godot/global_script_class_cache.cfg[39m[0m
[  98% ] [90m[1msavepack[22m | 正在保存文件：res://icon.svg[39m[0m
[  98% ] [90m[1msavepack[22m | 正在保存文件：res://.godot/uid_cache.bin[39m[0m
[  98% ] [90m[1msavepack[22m | 正在保存文件：res://project.binary[39m[0m
[92m[ DONE ][39m [1msavepack[22m
[0m
